City,Agartala,Agra,Ahmedabad,Aizawl,Ajmer,Akola,Aligarh,Allahabad,Ambala,Amritsar,Asansol,Aurangabad,Bakhtiyarpur,Bangalore,Barauni,Barddhaman,Bareilly,Belgaum,Bellary,Bhagalpur,Bhavnagar,Bhopal,Bhubaneshwar,Bikaner,Bilaspur,Calcutta,Chandigarh,Chennai,Chittardurga,Coimbatore,Cuttack,Dehra Dun,Delhi,Dhanbad,Dhule,Dibrugarh,Dimapur,Dindigul,Durgapur,Ganganagar,Gangtok,Gaya,Ghaziabad,Ghazipur,Gorakhpur,Gulbarga,Guntur,Gurgaon,Guwahati,Gwalior,Haldia,Hassan,Hissar,Hubli,Hyderabad,Imphal,Indore,Jabalpur,Jaipur,Jaisalmer,Jalandhar,Jammu,Jamnagar,Jamshedpur,Jhansi,Jodhpur,Jorhat,Kakinada,Kandla,Kanniyakumari,Kanpur,Kochi,Kohima,Kolhapur,Kota,Kozhikode,Krishnagiri,Kurnool,Lucknow,Ludhiana,Madurai,Mangalore,Meerut,Moradabad,Motihari,Mumbai,Muzaffarnagar,Muzaffarpur,Mysore,Nagpur,Nanded,Nashik,Nellore,Panaji,Paradwip,Pathankot,Patna,Pondicherry,Porbandar,Pune,Purulia,Raipur,Rajkot,Rameswaram,Ranchi,Ranippettai,Raurkela,Rohtak,Sagar,Saharanpur,Salem,Sambalpur,Shahjahanpur,Siliguri,Shillong,Shimla,Shivpuri,Silchar,Solapur,Srinagar,Surat,Thane,Thanjavur,Thiruvananthapuram,Thrissur,Tiruchchirappalli,Tirunelveli,Tirupati,Tuticorin,Udaipur,Ujjain,Ulhasnagar,Vadodara,Varanasi,Vijayawada,Vishakhapatnam,Warangal
Agartala,0,2355,3022,457,2691,2758,2456,1903,2782,2953,1611,3012,1495,3557,1432,1594,2330,3527,3362,1610,3209,2454,2179,2881,2475,1680,2868,3356,3490,3897,2096,2669,2584,1670,3035,961,757,3751,1619,2966,1188,1607,2565,1774,1821,3209,2960,2614,599,2347,1796,3744,2748,3572,2995,538,2640,2246,2560,3130,2954,3173,3324,1802,2301,2891,825,2708,3510,4039,2098,4040,683,3547,2625,3912,3618,3205,2087,2895,3800,3904,2538,2400,1619,3405,2589,1535,3696,2508,2886,3220,3184,3759,2195,3066,1543,3521,3416,3226,1717,2526,3238,3948,1837,3468,2036,2619,2374,2660,3682,2209,2255,1074,499,2933,2405,317,3300,3466,3105,3362,3698,4064,4011,3672,3954,3314,3935,2910,2642,3323,2963,1778,2928,2546,2932
Agra,2355,0,889,2222,363,955,83,425,394,650,1031,1006,860,1858,923,1134,212,1550,1663,1047,1076,541,1542,553,1096,1258,440,1892,1791,2198,1517,381,203,985,863,2195,2030,2238,1071,611,1395,827,221,649,629,1488,1595,196,1756,118,1336,1927,367,1634,1296,2240,604,611,232,802,567,786,1191,1118,221,563,2059,1645,1070,2539,286,2391,2095,1447,453,2213,1949,1506,363,508,2304,2087,267,267,831,1197,319,1536,1997,809,1187,1012,1819,1709,1510,679,812,2154,1283,1214,1043,1087,1105,2459,986,2077,1208,264,419,390,2061,1349,286,1281,1856,545,230,2082,1330,1079,1083,1154,2249,2611,2312,2195,2458,1859,2439,637,606,1152,927,577,1563,1677,1259
Ahmedabad,3022,889,0,2889,526,720,972,1119,1107,1223,1698,586,1527,1495,1590,1801,1101,996,1313,1714,187,568,1810,682,1293,1924,1153,1826,1297,1762,1785,1150,915,1652,443,2862,2697,1875,1738,947,1652,1494,934,1316,1417,1061,1500,885,2423,858,2003,1446,989,1090,1208,2907,382,876,657,595,1245,1464,302,1785,857,439,2726,1731,365,2127,1077,1881,2762,893,537,1687,1583,1372,1154,1200,1938,1434,980,1073,1619,545,1031,1537,1561,970,856,490,1757,1068,1884,1357,1479,1791,394,660,1710,1248,216,2096,1653,1714,1683,986,581,1102,1698,1510,1175,1948,2523,1258,756,2749,903,1757,255,518,1886,2040,1831,1832,2095,1725,2076,252,430,545,113,1244,1475,1858,1348
Aizawl,457,2222,2889,0,2558,2625,2242,1770,2565,2820,1478,2879,1364,3424,1299,1461,2208,3429,3229,1398,3076,2321,2046,2748,2342,1547,2611,3281,3357,3772,2021,2547,2462,1537,2902,895,580,3676,1486,2806,1055,1474,2443,1641,1741,3015,2885,2492,466,2214,1663,3493,2626,3424,2862,361,2507,2113,2427,2997,2737,2956,3191,1669,2168,2758,759,2633,3265,3964,1965,3965,506,3286,2492,3841,3543,3072,1945,2678,3725,3653,2416,2304,1539,3236,2467,1538,3563,2375,2753,3051,2810,3512,2062,2849,1410,3446,3283,3255,1584,2329,3105,3873,1704,3393,1903,2533,2241,2538,3607,2076,2113,941,366,2716,2272,140,3039,3249,2972,3193,3623,3988,3878,3597,3879,3239,3860,2777,2509,3194,2830,1645,2554,2172,2981
Ajmer,2691,363,526,2558,0,957,446,788,581,769,1367,1008,1196,1944,1259,1470,575,1522,1742,1383,713,543,1820,233,1197,1589,627,1978,1820,2288,1795,624,389,1321,865,2531,2366,2324,1407,498,1731,1163,408,1012,992,1490,1674,359,2092,483,1672,1972,495,1616,1382,2576,515,851,131,439,753,972,817,1454,584,200,2395,2129,707,2653,649,2407,2431,1419,201,2213,2033,1772,726,694,2390,1960,454,547,1194,1071,505,1539,2087,895,478,1014,2085,1594,1846,881,1148,2217,946,1186,1379,1258,806,2522,1322,2171,1544,460,649,576,2124,1520,649,1617,2192,732,424,2418,1332,1265,781,1044,2312,2566,2357,2258,2521,2125,2502,274,575,1071,639,913,1829,2121,1611
Akola,2758,955,720,2625,957,0,1038,855,1349,1604,1454,254,1263,1061,1326,1537,1205,804,988,1450,916,537,1090,1190,639,1374,1395,1187,983,1401,1065,1393,1158,1340,277,2598,2433,1441,1488,1450,1798,1230,1176,1052,1153,477,791,1151,2159,837,1360,1134,1322,785,499,2643,351,514,998,1315,1521,1740,1022,1197,826,1155,2462,928,1098,1742,1046,1594,2498,701,756,1416,1152,709,1123,1462,1507,1148,1223,1222,1355,611,1274,1540,1200,250,215,426,1015,963,1164,1633,1215,1357,1123,468,1348,528,945,1662,1173,128,963,1219,640,1345,1264,790,1241,1684,2259,1514,725,2485,499,2033,497,568,1452,1754,1516,1398,1852,1062,1642,985,406,565,616,980,766,1052,542
Aligarh,2456,83,972,2242,446,1038,0,472,323,578,1051,1089,880,1941,943,1154,167,1633,1746,1067,1159,624,1625,636,1179,1273,369,1875,1874,2281,1600,298,131,1005,946,2215,2050,2321,1091,558,1415,847,112,669,635,1571,1678,161,1776,201,1356,2010,295,1717,1379,2260,687,694,315,885,495,714,1274,1138,304,646,2079,1728,1153,2622,277,2474,2115,1530,536,2296,1666,1589,369,436,2387,2170,128,184,837,1280,179,1541,2080,892,1270,1095,1902,1792,1530,607,832,2237,1366,1297,1063,1170,1188,2542,1006,2160,1228,202,502,250,2144,1432,242,1301,1876,483,313,2102,1413,1007,1152,1237,2342,2694,2395,2278,2541,1942,2522,720,656,1235,1010,597,1646,1760,1342
Allahabad,1903,425,1119,1170,788,855,472,0,795,1050,579,1109,408,1654,471,682,481,1659,1459,595,1306,551,1090,978,529,805,841,1688,1587,1994,1065,770,628,533,1132,1743,1578,2034,619,1036,943,375,584,197,298,1245,1384,621,1304,444,884,1902,792,1555,1092,1788,737,343,657,1227,967,1186,1421,666,398,988,1607,1615,1607,2335,195,2187,1643,1516,722,2009,1745,1302,238,908,2100,1916,600,577,500,1466,651,1542,1793,605,983,1283,1608,1742,1058,1079,360,1950,1513,1323,591,640,1335,2255,534,1873,756,699,471,722,1857,795,406,829,1404,946,502,1630,1269,1479,1202,1425,2045,2407,2108,1991,2254,1684,2235,1007,739,1452,1060,125,1423,1230,1055
Ambala,2782,394,1107,2565,581,1349,323,795,0,255,1374,1400,1202,2252,1324,1477,452,1944,2057,1390,1294,935,1948,529,1490,1600,46,2286,2185,2592,1923,193,192,1328,1257,2538,2373,2632,1414,328,1738,1170,211,1039,96,1882,1989,222,2099,512,1679,2321,222,2028,1690,2583,998,1005,450,862,172,391,1409,1461,615,781,2402,2039,1288,2933,600,2785,2428,1841,782,2607,2343,1900,689,113,2698,2481,244,350,1163,1591,153,1543,2391,1203,1581,1406,2213,2103,1853,284,1155,2548,1501,1608,1386,1367,1323,2853,1329,2471,1551,181,813,82,2455,1724,527,1624,2199,151,624,2425,1724,684,1362,1548,2643,3005,2706,2589,2852,2253,2833,855,967,1546,1220,920,1957,2071,1653
Amritsar,2953,650,1223,2820,769,1604,578,1050,255,0,1629,1655,1457,2507,1579,1732,707,2199,2312,1645,1410,1191,2203,536,1746,1855,217,2542,2440,2847,2178,392,447,1583,1513,2793,2628,2887,1669,276,1993,1425,466,1247,1216,2137,2244,477,2354,768,1934,2576,383,2283,1945,2838,1254,1261,705,869,83,219,1525,1716,871,779,2657,2294,1383,3188,855,3040,2683,2096,970,2862,2598,2155,944,142,2953,2736,499,605,1418,1843,408,1544,2646,1459,1836,1661,2468,2358,2108,112,1410,2803,1617,1863,1641,1737,1439,3108,1584,2746,1806,436,1069,337,2710,1979,782,1879,2454,322,880,2680,1979,512,1478,1803,2898,3260,2961,2844,3107,2508,3088,1110,1256,1801,1336,1227,2212,2326,1908
Asansol,1611,1031,1698,1478,1367,1454,1051,579,1374,1629,0,1708,323,2013,228,103,1017,2218,1856,228,1885,1130,573,1557,930,222,1420,1808,1984,2299,548,1336,1207,59,1731,1451,1286,2203,40,1615,650,263,1163,450,590,1861,1412,1200,1012,1021,305,2135,1371,2066,1648,1505,1427,894,1236,1806,1546,1765,2000,191,819,1567,1315,1160,2174,2491,774,2492,1351,2187,1289,2368,2070,1699,754,1487,2252,2360,1179,1113,573,2080,1230,1545,2152,1204,1582,1880,1636,2377,589,1658,334,1973,2092,1891,106,926,1914,2400,226,1920,451,1278,1024,1304,2134,664,922,537,1112,1525,1066,1338,1953,2058,1781,2022,2150,2516,2413,2124,2406,1766,2387,1428,1397,2022,1750,454,1380,998,1508
Aurangabad,3012,1006,586,2879,1008,254,1089,1109,1400,1655,1708,0,1491,913,1554,1811,1218,550,734,1678,773,588,1104,1241,893,1628,1446,1231,812,1264,1079,1387,1209,1616,143,2826,2661,1293,1748,1206,2026,1458,1227,1306,1407,482,853,1202,2387,888,1614,948,1391,610,554,2871,402,768,1049,1181,1573,1791,888,1451,877,1025,2690,989,951,1594,1097,1393,2726,447,807,1212,1004,764,1174,1513,1359,988,1217,1273,1609,403,1268,1546,1063,504,270,218,1077,709,1448,1685,1443,1209,980,214,1530,782,802,1514,1411,1163,1217,1270,805,1339,1116,804,1292,1912,2487,1551,776,2713,324,2084,363,360,1304,1613,1314,1250,1513,1117,1494,838,457,357,482,1234,821,1113,603
Bhaktiyarpur,1495,860,1527,1364,1196,1263,880,408,1202,1457,323,1491,0,2036,63,426,846,2001,1841,187,1714,959,786,1413,937,545,1249,2021,1949,2376,809,1165,1063,277,1515,1335,1170,2416,363,1444,535,110,992,279,419,1688,1625,1029,896,848,628,2105,1227,2034,1474,1380,1256,723,1065,1635,1375,1594,1829,410,794,1396,1199,1373,1903,2717,603,2569,1235,1898,1118,2391,2127,1684,583,1315,2465,2265,1008,942,#N/A,1850,1059,166,2175,987,1365,1665,1849,2160,802,1486,48,2186,1921,1867,335,935,1743,2613,278,2133,500,1107,853,1130,2239,673,751,421,996,1353,895,1222,1651,1886,1610,1807,2363,2729,2490,2337,2619,1979,2600,1415,1219,1805,1579,283,1593,1211,1437
Bangalore,3557,1858,1495,3424,1944,1061,1941,1654,2252,2507,2013,913,2036,0,2099,1928,2070,499,301,2223,1682,1401,1440,2177,1438,1881,2298,331,198,340,1465,2239,2061,1990,1056,3371,3206,380,2053,2442,2571,2003,2053,1851,1952,663,601,2054,2932,1734,1865,187,2225,405,562,3416,1315,1313,1985,2094,2424,2643,1797,1834,1637,1934,3235,856,1860,681,1851,533,3271,602,1720,355,91,352,1928,2365,446,347,2063,2125,2154,998,2114,1548,139,1049,846,1037,377,592,1564,2536,1988,296,1889,835,1907,1327,1711,601,1996,219,1774,2122,1439,2191,203,1527,2096,2457,3032,2403,1712,3258,589,2936,1276,977,391,753,454,337,600,247,581,1751,1370,971,1395,1779,633,1015,702
Barauni,1432,923,1590,1299,1259,1326,943,471,1324,1579,386,1554,63,2099,0,331,872,2064,1904,178,1777,1022,897,1476,1000,549,1312,2132,2032,2439,872,1228,1126,340,1578,1272,1107,2527,268,1507,472,173,1055,342,389,1690,1736,1092,833,913,533,2286,1263,2000,1537,1326,1319,786,1128,1698,1438,1657,1892,473,857,1459,1136,1484,1966,2815,666,2632,1181,1961,1181,2454,2190,1747,646,1379,2576,2446,1071,968,187,1937,1122,1549,2238,1050,1428,1728,1960,2223,817,1550,111,2297,1984,1930,398,998,1806,2724,341,2244,563,1170,916,1193,2302,736,814,358,933,1417,958,1159,1714,1950,1673,1870,2474,2840,2553,2448,2730,2090,2711,1466,1210,1868,1531,346,1704,1322,1561
Barddhaman,1594,1134,1801,1461,1470,1537,1154,682,1477,1732,103,1811,426,1928,331,0,1120,2075,1771,331,1988,1233,488,1660,1033,119,1523,1723,1899,2214,463,1439,1310,162,1834,1434,1269,2118,63,1718,634,366,1266,553,693,1776,#N/A,1303,995,1124,202,2115,1474,2257,1563,1479,1530,997,1339,1909,1649,1868,2103,294,922,1670,1298,1075,2128,2406,877,2407,1334,2218,1246,2283,1985,1614,857,1590,2167,2275,1282,1216,686,2170,1333,1550,2067,1307,1685,1985,1551,2234,504,1761,437,1888,2195,2187,209,986,2017,2315,329,1835,551,1381,1127,1407,2049,724,1025,520,1095,1628,1023,1321,1971,2161,2054,2127,2065,2431,2328,2039,2321,1681,2302,1531,1366,2125,1720,557,1295,913,1422
Bareilly,2330,212,1101,2208,575,1205,167,481,452,707,1017,1218,846,2070,872,1120,0,1768,1875,1033,1288,753,1571,725,1010,1239,498,2104,2003,2410,1546,339,254,971,1075,2144,1979,2450,1057,663,1344,813,235,635,509,1661,1865,284,1705,330,1322,2257,418,1828,1508,2189,816,824,444,1014,624,843,1403,1104,433,775,2008,2096,1282,2751,325,2603,2044,1665,465,2430,2161,1718,243,565,2516,2206,208,96,711,1409,259,1551,2209,1021,1399,1224,2024,1927,1496,736,798,2361,1495,1432,1029,1121,1317,2671,972,2289,1194,325,631,330,2273,1276,75,1230,1805,603,442,2031,1542,1136,1295,1366,2461,2823,2524,2407,2670,2071,2651,849,818,1364,1139,563,1775,1889,1471
Belgaum,3527,1550,996,3429,1522,804,1633,1659,1944,2199,2218,550,2001,499,2064,2075,1768,0,304,2188,1183,1132,1587,1678,1403,2028,1990,830,301,766,1612,1931,1753,2126,687,3336,3171,879,2258,1943,2536,1968,1771,1816,1917,400,748,1746,2897,1432,2012,450,1935,94,614,3381,946,1278,1653,1591,2116,2335,1298,1961,1421,1435,3200,1003,1361,1131,1641,885,3236,103,1351,662,590,461,1718,2057,983,438,1761,1817,2115,499,1812,1552,565,1014,636,538,685,159,1711,2228,1953,795,1390,336,2040,1292,1212,1100,1921,718,1727,1814,1404,1883,702,1554,1836,2422,2997,2095,1320,3223,350,2628,773,478,890,1044,806,836,1137,746,1118,1248,1001,472,915,1744,780,1162,754
Bellary,3362,1663,1313,3229,1742,988,1746,1459,2047,2312,1856,734,1841,301,1904,1771,1875,304,0,2028,1500,1206,1283,1975,1243,1724,2103,632,128,590,1308,2044,1866,1833,877,3176,3011,681,1896,1940,2376,1808,1884,1656,1757,378,444,1849,2737,1539,1708,279,2030,210,367,3221,1136,1118,1783,1915,2229,2448,1615,1677,1442,1759,3040,699,1678,986,1656,828,3076,407,1541,605,392,157,1733,2140,747,439,1874,1930,1959,816,1925,1553,289,854,640,855,381,397,1407,2341,1793,597,1707,653,1750,1132,1529,902,1761,520,1617,1927,1244,1996,504,1394,1901,2262,2837,2208,1517,3063,410,2741,1090,795,692,1048,749,638,901,363,882,1572,1191,789,1190,1584,476,858,507
Bhagalpur,1610,1047,1714,1398,1383,1450,1067,595,1390,1645,228,1678,187,2223,178,331,1033,2188,2028,0,1901,1146,801,1600,1115,575,1436,2036,2156,2527,776,1352,1250,287,1702,1371,1206,2431,268,1631,571,297,1179,466,606,1814,1640,1216,932,1039,533,2363,1414,2124,1661,1416,1443,910,1252,1822,1562,1651,2016,419,981,1583,1235,1388,2090,2719,790,2720,1271,2085,1368,2578,2314,1871,770,1503,2480,2452,1195,1129,437,2037,1246,1554,2362,1174,1552,1852,1864,2311,670,1674,235,2201,2108,2054,334,1111,1930,2628,454,2148,676,1389,1040,1317,2362,849,938,457,1032,1541,1082,1258,1838,2074,1908,2018,2378,2744,2641,2352,2634,1994,2615,1590,1334,1992,1766,470,1608,1226,1674
Bhavnagar,3209,1076,187,3076,713,916,1159,1306,1294,1410,1885,773,1714,1682,1777,1988,1288,1183,1500,1901,0,755,1997,869,1480,2111,1340,2013,1484,2949,1972,1337,1102,1839,630,3049,2884,2062,1925,1134,1839,1681,1121,1503,1604,1248,1687,1072,2610,1055,2190,1633,1176,1277,1395,3094,569,1063,844,764,1432,1651,253,1972,1044,740,2913,1918,390,2314,1264,2068,2949,1080,724,1874,1770,1559,1341,1387,2125,1621,1167,1260,1806,732,1218,1555,1748,1157,1043,677,1944,1255,2071,1544,1666,1978,345,847,1897,1435,167,2283,1840,1901,1870,1175,768,1289,1885,1697,1362,2135,2710,1445,943,2936,1090,1944,442,705,2073,2227,2018,2019,2282,1912,2263,439,617,732,300,1431,1662,2045,1535
Bhopal,2454,541,568,2321,543,537,624,551,935,1191,1130,588,959,1401,1022,1233,753,1132,1206,1146,755,0,1192,776,654,1356,981,1435,1334,1741,1167,922,744,1084,445,2294,2129,1781,1170,1041,1494,826,736,748,849,992,1071,737,1855,423,1435,1536,908,1198,839,2339,186,308,584,982,1108,1327,870,1217,381,743,2158,1188,933,2082,601,1981,2194,1035,342,1756,1492,1045,678,1049,1847,2020,752,808,1209,779,803,1556,1540,352,730,594,1263,1291,1266,1220,911,1600,962,802,1188,630,784,2027,1069,1620,1065,805,183,874,1604,892,827,1380,1955,1086,311,2181,912,1620,651,736,1777,2154,1855,1751,2001,1431,1982,589,188,733,509,676,1039,1312,802
Bhubaneshwar,2179,1542,1810,2046,1820,1090,1625,1090,1948,2203,573,1104,786,1440,897,488,1571,1587,1283,801,1997,1192,0,2053,566,441,1982,1235,1411,1726,25,1923,1745,550,1247,1922,1757,1630,613,2046,1122,774,1737,961,1101,1288,839,1738,1483,1373,425,1627,1896,1493,1075,1967,1280,896,1791,2214,2101,2320,2112,394,1276,1935,1786,587,2175,1918,1290,1919,1822,1614,1534,1795,1497,1126,1265,2042,1679,1576,1746,1624,1084,1507,1741,1557,1579,840,1262,1322,1063,1746,124,2213,845,1400,2204,1318,467,562,2026,1827,556,1347,334,1806,1078,1875,1561,300,1433,1008,1583,2099,1377,1809,1380,2632,1467,1464,1577,1943,1840,1551,1833,1193,1814,1914,1335,1462,1586,965,807,425,935
Bikaner,2881,553,682,2748,233,1190,626,978,52,536,1557,1241,1413,2177,1476,1660,725,1678,1975,1600,869,776,2053,0,#N/A,1810,575,2303,2053,2521,2028,644,460,1538,1098,2748,2583,2557,1624,260,1948,1380,479,1202,1182,1723,1907,490,2309,706,1889,2205,307,1849,1615,2793,748,1084,321,333,609,755,1061,1671,803,243,2612,2362,961,2886,839,2640,2648,1652,434,2446,2266,2005,916,550,2623,1570,525,618,1384,1304,576,1558,2320,1128,711,1247,2318,1827,2127,648,1365,2450,1190,1419,1596,1491,1050,2755,1512,2404,1734,400,1001,611,2357,1753,789,1834,2409,680,657,2635,1565,1048,937,1277,2545,2799,2590,2491,2754,2358,2735,507,808,1304,795,1130,2062,2354,1844
Bilaspur,2475,1096,1293,2342,1197,639,1179,529,1490,1746,930,893,937,1438,1000,1033,1010,1403,1243,1115,1480,654,566,1430,1430,856,1536,1511,1371,1778,541,1477,1296,828,916,2381,2216,1818,904,1690,1581,904,1317,726,827,1029,1053,1292,1942,807,842,1507,1463,1339,876,2426,829,330,1238,1636,1663,1882,1595,673,710,1397,2245,863,1658,2119,724,1971,2281,1300,996,1793,1529,1086,767,1604,1884,2193,1307,1208,1187,1252,1358,1559,1577,389,767,1067,1339,1526,640,1775,889,1676,1687,1269,637,111,1509,2039,518,1579,439,1360,512,1429,1641,266,935,1467,2042,1641,811,2268,1053,2175,1136,1209,1829,2191,1892,1775,2038,1469,2019,1463,842,1207,1152,654,1031,701,794
Calcutta,1680,1258,1924,1547,1589,1374,1273,805,1600,1855,222,1628,545,1881,549,119,1239,2028,1724,575,2111,1356,441,1810,856,0,1646,1676,1852,2167,416,1562,1461,281,1651,1520,1355,2071,182,1841,720,489,1389,676,816,1729,1280,1426,1081,1248,128,2068,1597,1934,1516,1565,1570,1120,1462,2032,1772,1991,2226,295,1192,1793,1384,1028,2289,2359,1000,2360,1420,2035,1516,2236,1938,1567,980,1713,2120,1667,1405,1335,736,1987,1456,1560,2020,1124,1502,1802,1504,2187,515,1884,556,1841,2318,2004,328,846,2140,2268,409,1788,529,1532,1250,1527,2002,590,1148,606,1181,1751,1292,1407,1788,2284,2035,1944,2018,2384,2281,1992,2274,1634,2255,1867,1544,1942,1893,680,1248,866,1376
Chandigarh,2828,440,1153,2611,627,1395,629,841,46,217,1420,1446,1249,2298,1312,1523,498,1990,2103,1436,1340,981,1982,575,1536,1646,0,2424,2231,2638,1969,175,238,1374,1303,2584,2415,2678,1460,336,1784,1216,257,1038,1007,1928,2035,268,2145,558,1725,2367,299,2074,1736,2629,1044,1051,496,908,134,353,1455,1507,661,827,2448,2085,1334,2979,646,2831,2474,1887,738,2653,2389,1946,738,100,2744,2148,250,362,1209,1637,199,1561,2437,1249,1627,1452,2259,2149,1899,246,1201,2594,1547,1654,1432,1413,1369,2899,1375,2517,1597,227,858,128,2501,1675,533,1670,2245,119,670,2471,1770,646,1408,1594,2689,3051,2752,2635,2898,2299,2879,901,1013,1592,1266,966,2003,2117,1699
Chennai,3356,1892,1826,3281,1978,1187,1975,1688,2286,2542,1808,1231,2021,331,2132,1723,2104,830,632,2036,2013,1435,1235,2303,1511,1676,2424,0,529,491,1260,2365,2095,1785,1385,3157,2992,395,1848,2476,2357,2009,2114,1885,1986,778,396,2088,2718,1768,1660,518,2259,736,688,3202,1523,1347,2019,2417,2458,2677,2128,1629,1671,2178,3021,684,2191,683,1885,684,3057,933,1777,686,262,467,1962,2399,444,2199,2097,2159,2188,1329,2148,1562,470,1083,972,1368,172,923,1359,2570,2022,165,2220,1166,1702,1361,2042,592,1791,112,1569,2156,1473,2225,326,1420,2130,2243,2818,2437,1746,3044,936,2970,1605,1308,342,708,605,316,598,152,579,2078,1578,1302,1724,1813,396,810,665
Chittardurga,3490,1791,1297,3357,1820,983,1874,1587,2185,2440,1984,812,1949,198,2032,1899,2003,301,128,2156,1484,1334,1411,2053,1371,#N/A,2231,#N/A,0,452,1436,2172,1994,1961,955,3304,3139,578,2024,2018,2504,1936,1986,1570,1885,506,554,1987,2865,1667,1836,136,2158,207,495,3349,1214,1246,1861,1993,2357,2576,1599,1805,1570,1837,3168,809,1662,883,1784,690,3204,404,1619,467,289,285,1861,2298,644,678,1996,2058,2087,800,2047,1563,251,982,768,839,509,394,1535,2469,1921,494,1691,637,1878,1260,1513,799,1889,417,1695,2055,1372,2124,401,1522,2029,2390,2965,2336,1588,3191,488,2869,1074,779,589,910,611,535,798,449,779,1581,1269,773,1216,1712,604,968,635
Coimbatore,3897,2198,1762,3772,2288,1401,2281,1994,2592,2847,2299,1264,2376,340,2439,2214,2410,766,590,2527,1949,1741,1726,2521,1778,2167,2638,491,452,0,1751,2579,2401,2276,1407,3648,3483,151,2339,2786,2848,2343,2419,2191,2292,968,887,2394,3209,2074,2151,316,2565,672,902,3693,1666,1653,2313,2445,2764,2983,2064,2120,1977,2289,3512,1142,2127,452,2191,193,3548,869,2071,186,277,692,2268,2705,217,296,2409,2465,2494,1265,2424,1564,201,1389,1186,1304,667,844,1850,2876,2328,371,2156,1102,2193,1667,1978,389,2282,427,2060,2462,1779,2531,165,1929,2428,2734,3309,2743,2052,3535,1000,3276,1464,1244,259,413,114,205,371,537,352,2102,1721,1238,1648,2119,919,1301,1042
Cuttack,2096,1517,1785,2021,1795,1065,1600,1065,1923,2178,548,1079,809,1465,872,463,1546,1612,1308,776,1972,1167,25,2028,541,416,1969,1260,1436,1751,0,1822,1720,525,1342,1897,1732,1655,588,2021,1097,749,1649,936,1076,1313,864,1686,1458,1348,400,1652,1884,1518,1100,1942,1255,871,1766,2149,2032,2251,2087,369,1261,1910,1761,612,2150,1943,1260,1944,1797,1639,1509,1820,1522,1151,1240,1973,1704,449,1665,1599,1059,1482,1716,1565,1604,815,1287,1297,1088,1771,99,2144,820,1425,2179,1293,442,537,2001,1852,531,1372,309,1791,1063,1787,1586,275,1408,983,1558,2011,1362,1784,1405,2544,1562,1439,1602,1968,1865,1576,1858,1218,1839,1756,1310,1436,1681,940,832,450,960
Dehra Dun,2669,381,1150,2547,624,1393,298,770,193,392,1336,1387,1165,2239,1228,1439,339,1931,2044,1352,1337,922,1923,644,1477,1562,175,2365,2172,2579,1822,0,235,1290,1244,2483,2318,2619,1376,521,1683,1132,216,967,848,1869,1976,265,2044,499,1641,2308,337,2015,1677,2528,985,992,493,977,365,584,1452,1423,602,824,2347,2026,1331,2920,575,2772,2383,1828,735,2594,2330,1887,582,306,2685,2468,170,243,1050,1578,119,1114,2378,1190,1568,1393,2200,2090,1815,477,1117,2635,1544,1595,1348,1354,1366,2840,1291,2458,1513,306,800,75,2442,1616,414,1569,2144,344,611,2370,1711,877,1405,1535,2630,2992,2693,2576,2639,2240,2820,898,954,1533,1263,895,1944,2058,1640
Delhi,2584,203,915,2462,389,1158,131,628,192,447,1207,1209,1063,2061,1126,1310,254,1753,1866,1250,1102,744,1745,460,1296,1461,238,2095,1994,2401,1720,235,0,1188,1066,2398,2233,2441,1247,409,1598,1030,19,825,763,1691,1798,30,1959,321,1512,2130,164,1837,1499,2443,807,814,258,793,364,583,1217,1321,424,589,2262,1848,1096,2742,408,2594,2298,1650,500,2416,2152,1709,497,305,2507,2468,65,158,965,1407,116,1567,2200,1012,1390,1222,2022,1912,1713,476,1015,2357,1309,1417,1246,1176,1131,2662,1162,2280,1384,71,616,187,2264,1438,329,1484,2059,343,433,2285,1553,876,1170,1364,2452,2814,2515,2398,2661,2062,2641,663,776,1355,1028,780,1766,1880,1862
Dhanbad,1670,985,1652,1537,1321,1340,1005,533,1328,1583,59,1616,277,1990,340,162,971,2126,1833,287,1839,1084,550,1538,828,281,1374,1785,1961,2276,525,1290,1188,0,1640,1478,1313,2180,99,1569,678,217,1117,404,544,1838,1389,1154,1039,975,364,2177,1325,2062,1599,1523,1381,848,1190,1760,1500,1719,1954,146,919,1521,1342,1137,2017,2468,728,2469,1378,2023,1243,2345,2047,1676,708,1441,2229,2290,1133,1067,527,1975,1184,1568,2129,1112,1490,1790,1613,2249,566,1612,288,1950,2046,2000,58,812,1868,2377,167,1897,389,1259,978,1255,2111,550,876,564,1139,1479,1020,1365,1776,2012,1860,1932,2127,2493,2390,2101,2383,1743,2364,1528,1272,1930,1704,408,1357,975,1485
Dhule,3035,863,443,2902,865,277,946,1132,1257,1513,1731,143,1515,1056,1578,1834,1075,687,877,1702,630,445,1247,1098,916,1651,1303,1385,955,1407,1342,1244,1066,1640,0,2850,2685,1436,1771,1063,2050,1482,1084,1329,1470,625,996,1059,2411,745,1643,1091,1248,753,697,2895,259,791,906,1038,1430,1649,745,1474,734,882,2714,1132,808,1737,984,1536,2750,584,664,1355,1147,907,1031,1371,1502,2337,1074,1130,1672,334,1125,1569,1206,527,413,149,1220,846,1441,1542,1467,1352,837,351,1569,805,659,1657,1450,1306,1240,1127,662,1196,1259,1067,1149,1936,2511,1408,633,2737,467,1942,220,291,1447,1756,1457,1393,1656,1260,1637,695,314,288,339,1258,964,1256,746
Dibrugarh,961,2195,2862,895,2531,2598,2215,1743,2538,2793,1451,2826,1335,3371,1272,1434,2144,3336,3176,1371,3049,2294,1922,2748,2381,1520,2584,3157,3304,3648,1897,2483,2398,1478,2850,0,268,3552,1459,2779,1028,1447,2327,1614,1661,3112,2761,2364,439,2185,1636,3549,2562,3272,2809,502,2591,2058,2400,2970,2710,2929,3164,1642,2129,2731,136,2509,3238,3840,1938,3841,376,3536,2453,3717,3419,3019,1918,2651,3601,1131,2343,2240,1459,3185,2403,1570,3501,2322,2700,3000,2985,3459,1938,2822,1383,3322,3256,3202,1557,2302,3078,3749,1645,3269,1867,2442,2188,2465,3483,2040,2069,914,539,2689,2230,644,2986,3222,3070,3142,3499,3865,3762,3473,3755,3115,3736,2738,2482,3140,2914,1618,2729,2347,2772
Dimapur,757,2030,2697,580,2366,2433,2050,1578,2373,2628,1286,2661,1170,3206,1107,1269,1979,3171,3011,1206,2884,2129,1757,2583,2216,1355,2415,2992,3139,3483,1732,2318,2233,1313,2685,268,0,3387,1294,2614,863,1282,2162,1449,1496,2797,2596,2199,274,2020,1471,3275,2397,3107,2644,219,2426,1893,2235,2805,2545,2764,2999,1477,1964,2566,132,2344,3073,3675,1773,3676,74,3068,2288,3552,3254,2854,1753,2486,3436,3709,2178,2075,1294,3020,2238,1571,3336,2157,2535,2835,2820,3294,1773,2657,1218,3157,3091,3037,1392,2137,2913,3584,1480,3104,1702,2277,2023,2300,3318,1875,1904,749,329,2524,2065,306,2821,3057,2905,2977,3334,3700,3597,3308,3590,2950,3571,2573,2317,2975,2749,1453,2564,2182,2607
Dindigul,3751,2238,1875,3676,2324,1441,2321,2034,2632,2887,2203,1293,2416,380,2527,2118,2450,879,681,2431,2062,1781,1630,2557,1818,2071,2678,395,578,151,1655,2619,2441,2180,1436,3552,3387,0,2243,2799,2752,2823,2433,2231,2332,1043,791,2434,3113,2114,2055,467,2605,785,942,3597,1695,1693,2342,2470,2804,3023,2177,2024,2017,2318,3416,1046,2240,301,2231,316,2452,982,2100,339,289,732,2308,2745,66,3544,2443,2505,2534,1378,2494,1572,352,1429,1226,1417,567,924,1754,2916,2368,275,2269,1215,2097,1707,2091,233,2185,439,1964,2502,1819,2571,177,1815,2440,2638,3213,2783,2069,3439,1091,3316,1577,1357,133,330,237,79,220,547,201,2127,1750,1351,1762,2159,823,1205,1082
Durgapur,1619,1071,1738,1486,1407,1488,1091,619,1414,1669,40,1748,363,2053,268,63,1057,2258,1896,268,1925,1170,613,1624,904,182,1460,1848,2024,2339,588,1376,1247,99,1771,1459,1294,2243,0,1655,659,303,1203,490,630,1901,1452,1240,1020,1061,265,2240,1411,2106,1688,1504,1467,934,1276,1846,1586,1805,2040,231,859,1607,1323,1200,2214,2531,814,2532,1359,2149,1329,2408,2110,1739,794,1527,2292,563,1219,1153,613,2101,1270,1573,2192,1244,1616,1916,1676,2359,629,1698,374,2013,2132,2118,146,966,1954,2440,266,1960,491,1318,1064,1341,2174,704,962,545,1120,1565,1270,1346,1902,2098,1821,2058,2190,2556,2453,2164,2446,1806,2427,1468,1358,2056,1790,494,1420,1038,1548
Ganganagar,2966,611,947,2806,498,1450,558,1036,328,276,1615,1206,1444,2442,1507,1718,663,1943,1940,1631,1134,1041,2046,260,1690,1841,336,2476,2018,2786,2021,521,409,1569,1063,2779,2614,2799,1655,0,1979,1411,426,1260,1172,1688,2059,439,2340,729,1920,2154,245,1816,1760,2824,1013,1222,581,598,298,517,1321,1702,832,508,2643,2195,1221,2800,817,2599,2679,1653,699,2418,2210,1970,906,273,2565,2400,474,567,1374,1492,481,1574,2269,1393,1476,1437,2283,2015,2120,410,1396,2415,1341,1607,1627,1484,1163,2720,1570,2369,1792,338,1025,410,2322,1746,738,1865,2440,479,842,2666,1530,810,1202,1465,2510,2987,2778,2456,2719,2323,2700,772,1073,1492,1060,1161,2027,2319,1809
Gangtok,1188,1395,1652,1055,1731,1798,1415,943,1738,1993,650,2026,535,2571,472,634,1344,2536,2376,571,1839,1494,1122,1948,1581,720,1784,2357,2504,2848,1097,1683,1598,678,2050,1028,863,2752,659,1979,0,647,1527,814,861,2162,1961,1564,589,1385,836,2640,1762,2472,2009,1073,1791,1258,1600,2170,1910,2129,2364,842,1329,1931,892,1709,2438,3040,1138,3041,928,2433,1653,2917,2619,2219,1118,1851,2801,2194,1543,1440,659,2385,1603,1575,2701,1522,1900,2200,2185,2659,1138,2022,583,2522,2456,2402,757,1502,2278,2949,845,2469,1067,1642,1388,1665,2683,1240,1269,114,689,1889,1430,915,2186,2422,2270,2342,2699,3065,2962,2673,2955,2315,2936,1938,1682,2340,2114,818,1929,1547,1972
Gaya,1607,827,1494,1474,1163,1230,847,375,1170,1425,263,1458,110,2003,173,366,813,1968,1808,297,1681,926,774,1380,904,489,1216,2009,1936,2343,749,1132,1030,217,1482,1447,1282,2383,303,1411,647,0,956,246,386,1594,1613,996,1008,817,568,2072,1167,1904,1441,1492,1223,690,1032,1602,1342,1561,1796,350,761,1363,1311,1361,1870,2684,570,2536,1347,1865,1085,2358,2094,1651,550,1283,2449,2909,975,909,360,1817,1026,1576,1939,954,1332,1632,1837,2091,742,1454,97,2174,1888,1834,275,835,1710,2601,218,2121,440,1074,820,1097,2206,573,718,533,1108,1321,862,1334,1618,1854,1577,1774,2351,2717,2457,2325,2603,1967,2584,1370,1114,1772,1435,250,1581,1199,1398
Ghaziabad,2565,221,934,2443,408,1176,112,584,211,466,1163,1227,992,2053,1055,1266,235,1771,1884,1179,1121,736,1737,479,1317,1389,257,2114,1986,2419,1649,216,19,1117,1084,2327,2162,2433,1203,428,1527,956,0,781,744,1709,1816,49,1888,313,1468,2148,183,1855,1517,2372,799,806,277,812,383,602,1236,1250,443,608,2191,1866,1115,2760,389,2612,2227,1668,519,2434,2170,1727,478,324,2525,2232,46,139,946,1418,97,1577,2218,1004,1408,1233,2040,1930,1642,495,944,2375,1328,1435,1175,1168,1150,2680,1118,2298,1340,90,614,168,2282,1430,310,1413,1988,362,425,2214,1551,895,1189,1375,2470,2832,2533,2416,2679,2080,2660,682,768,1373,1047,709,1784,1898,1480
Ghazipur,1774,649,1316,1641,1012,1052,669,197,1039,1247,450,1306,279,1851,342,553,635,1816,1656,466,1503,748,961,1202,726,676,1038,1885,1570,2191,936,967,825,404,1329,1614,1449,2231,490,1260,814,246,781,0,140,1442,1521,845,1175,641,755,2038,989,1788,1289,1659,934,538,854,1424,1211,1430,1618,537,595,1185,1478,1638,1804,2532,392,2384,1514,1713,919,2206,1942,1499,350,1152,2297,2308,797,731,329,1665,848,1578,1990,802,1180,1480,1805,1939,929,1323,231,2147,1710,1682,462,837,1532,2452,405,2070,627,896,668,919,2054,760,518,700,1275,1190,696,1501,1466,1723,1399,1622,2242,2604,2305,2188,2451,1881,2432,1204,936,1620,1257,72,1489,1386,1252
Gorakhpur,1821,629,1417,1741,992,1153,635,298,961,1216,590,1407,419,1952,389,693,509,1917,1757,606,1604,849,1101,1182,827,816,1007,1986,1885,2292,1076,848,763,544,1470,1661,1496,2332,630,1172,861,386,744,140,0,1543,1622,793,1222,619,895,2139,927,1889,1390,1706,1038,639,861,1431,1133,1352,1719,677,563,1192,1525,1739,1699,2633,343,2435,1561,1814,887,2307,2043,2304,266,1074,2398,2080,717,605,202,1631,768,1579,2091,903,1281,1446,1814,2076,1069,1245,371,2248,1811,1621,602,1001,1633,2553,545,2171,767,834,761,839,2091,900,434,747,1322,1122,664,1538,1567,1645,1503,1588,2343,2705,2406,2289,2552,1982,2533,1172,1007,1615,1361,212,1657,1591,1353
Gulbarga,3209,1488,1061,3015,1490,477,1571,1245,1882,2137,1861,482,1688,663,1690,1776,1661,400,378,1814,1248,992,1288,1723,1029,1729,1928,778,506,968,1313,1869,1691,1838,625,3112,2797,1043,1901,1688,2162,1594,1709,1442,1543,0,506,1684,2523,1325,1713,657,1855,346,214,3007,884,904,1531,1663,2054,2273,1363,1682,1228,1507,2826,704,1426,1344,1442,1169,2862,405,1289,988,754,311,1519,1995,1109,2250,1654,1755,1745,564,1750,1580,772,640,262,603,696,559,1412,2166,1579,959,1455,401,1755,918,1277,1264,1547,882,1353,1752,1030,1821,866,1180,1687,2048,2623,2033,1303,2849,158,2566,845,543,1054,1370,1090,1000,1263,664,1244,1320,939,537,964,1370,481,863,354
Guntur,2960,1595,1500,2885,1674,791,1678,1384,1989,2244,1412,853,1625,601,1736,1327,1865,748,444,1640,1687,1071,839,1907,1063,1280,2035,396,554,887,864,1976,1798,1389,996,2761,2596,791,1452,2059,1961,1613,1816,1521,1622,506,0,1791,2322,1404,1264,788,1894,554,292,2806,1159,983,1655,2053,2161,2380,1802,1233,1307,1814,2625,255,1865,1079,1521,1080,2661,801,1660,956,658,287,1598,2102,840,707,1806,1862,1824,1003,1857,1581,740,719,576,1042,224,841,963,2273,1658,561,1894,840,1306,997,1716,988,1395,508,1173,1792,1109,1861,722,1014,1766,1847,2422,2073,1382,2648,597,2606,1216,982,738,1104,1001,712,994,377,975,1691,1214,976,1335,1449,32,414,269
Gurgaon,2614,196,885,2492,359,1151,161,621,222,477,1200,1202,1029,2054,1092,1303,284,1746,1859,1216,1072,737,1738,490,1292,1426,268,2088,1987,2394,1686,265,30,1154,1059,2364,2199,2434,1240,439,1564,996,49,845,793,1684,1719,0,1825,314,1505,2123,161,1830,1492,2409,800,801,228,823,394,613,1187,1287,411,559,2228,1841,1066,2735,438,2587,2264,1643,470,2409,2145,1702,527,335,2500,948,95,188,995,1393,146,1582,2193,1042,1420,1208,2015,1905,1679,506,981,2253,1279,1416,1212,1209,1101,2655,1155,2273,1377,68,609,217,2257,1510,359,1450,2025,373,426,2251,1526,906,1150,1350,2430,2807,2508,2391,2654,2084,2635,633,769,1377,998,810,1759,1873,1455
Guwahati,599,1756,2423,466,2092,2159,1776,1304,2099,2354,1012,2387,896,2932,833,995,1705,2897,2737,932,2610,1855,1483,2309,1942,1081,2145,2718,2865,3209,1458,2044,1959,1039,2411,439,274,3113,1020,2340,589,1008,1888,1175,1222,2523,2322,1925,0,1746,1197,3001,2123,2833,2370,484,2152,1619,1961,2531,2271,2490,2725,1203,1690,2292,303,2070,2799,3401,1499,3402,339,2794,2014,3278,2980,2580,1479,2212,3162,2283,1904,1801,1020,2746,1864,1583,3062,1883,2261,2561,2546,3020,1499,2383,944,2883,2817,2763,1118,1863,2639,3310,1206,2830,1428,2003,1749,2026,3044,1601,1630,475,100,2250,1791,326,2547,2783,2631,2703,3060,3426,3323,3034,3316,2676,3297,2299,2043,2701,2475,1179,2290,1908,2333
Gwalior,2347,118,868,2214,483,837,201,444,512,768,1021,888,848,1734,913,1124,330,1432,1539,1039,1055,423,1373,706,807,1248,558,1768,1667,2074,1358,499,321,975,745,2185,2020,2114,1061,729,1385,817,313,641,619,1325,1404,314,1746,0,1371,1836,485,1498,1172,2250,486,487,350,922,684,903,1170,1108,97,681,2049,1521,1220,2415,276,2281,2085,1329,335,2100,1825,1382,353,625,2180,3270,329,385,821,1086,380,1584,1873,685,1158,901,1596,1591,1447,796,802,2030,1262,1096,1033,849,1084,2335,976,1953,1198,392,295,451,1937,1073,285,1271,1846,663,112,2072,1212,1196,1123,1043,2125,2501,2202,2071,2334,1764,2315,620,455,1070,809,567,1372,1439,1135
Haldia,1796,1336,2003,1663,1672,1360,1356,884,1679,1934,305,1614,628,1865,533,202,1322,2012,1708,533,2190,1435,425,1889,842,128,1725,1660,1836,2151,400,1641,1512,364,1643,1636,1471,2055,265,1920,836,568,1468,755,895,1713,1264,1505,1197,1371,0,2052,1676,1918,1500,1681,1556,1172,1586,2156,1851,2070,2305,281,1315,1917,1500,1012,2368,2343,1124,2344,1536,2039,1639,2220,1922,1551,1104,1792,2104,1876,1529,1463,878,1973,1580,1585,2004,1110,1488,1788,1488,2171,440,1963,639,1825,2397,1990,354,832,2219,2252,395,1772,515,1628,1374,1651,1986,576,1272,722,1297,1830,1371,1523,1774,2363,1863,1930,2002,2368,2265,1976,2258,1618,2239,1879,1623,1928,1879,804,1232,850,1360
Hassan,3744,1927,1446,3493,1972,1134,2010,1902,2321,2576,2135,948,#N/A,187,2286,2115,2257,450,279,2363,1633,1536,1627,2205,1507,2068,2367,518,136,316,1652,#N/A,2130,2177,1091,3549,3275,467,2240,2154,2640,2072,2148,2038,2139,657,788,2123,3001,1836,2052,0,2339,356,631,3485,1350,1382,1997,2129,2493,2712,1748,2021,1706,1973,3304,1043,1811,768,1920,512,3340,553,1755,331,278,421,1997,2434,533,160,2194,2194,2223,949,2183,2271,115,1118,919,988,564,543,1751,2605,2057,483,1840,786,2094,1396,1662,700,2025,406,1831,2191,1508,2260,367,1658,2165,2526,3101,2472,1724,3327,624,3005,1148,928,555,713,433,501,681,434,668,1655,1405,922,1290,1848,740,1202,771
Hissar,2748,367,989,2626,495,1322,295,792,222,383,1371,1391,1227,2225,1263,1474,418,1935,2030,1414,1176,908,1896,307,1463,1597,299,2259,2158,2565,1884,337,164,1325,1248,2562,2397,2605,1411,245,1762,1167,183,989,927,1855,1894,161,2123,485,1676,2339,0,2001,1662,2607,971,972,342,640,339,613,1291,1485,588,550,2426,2011,1268,2906,572,2758,2462,1814,584,2580,2316,1873,661,280,2671,160,229,322,1129,1542,280,1587,2364,1175,1553,1397,2086,2094,1877,506,1179,2520,1441,1599,1383,1334,1301,2825,1326,2443,1548,93,786,262,2427,1596,493,1648,223,373,597,2449,1715,906,1244,1539,2616,3004,2705,2561,2824,2254,2805,747,973,1566,1134,944,1862,2044,1625
Hubli,3572,1634,1090,3424,1616,785,1717,1555,2028,2283,2066,610,2034,405,2000,2257,1828,94,210,2124,1277,1198,1493,1849,1339,1934,2074,736,207,672,1518,2015,1837,2062,753,3272,3107,785,2106,1816,2472,1904,1865,1788,1889,346,554,1830,2833,1498,1918,356,2001,0,560,3317,1012,1214,1659,1685,2200,2419,1392,1887,1487,1529,3136,809,1455,1086,1752,766,3172,197,1417,585,496,367,1829,2141,851,2454,1845,1901,2055,593,1896,1588,471,950,572,632,591,187,1617,2312,1889,701,1484,430,1960,1226,1306,1018,1857,624,1663,1898,1340,1967,608,1490,1920,2358,2933,2179,1386,3159,286,2712,792,572,760,974,687,706,1005,652,986,1342,1067,566,934,1680,586,1068,700
Hyderabad,2995,1296,1208,2962,1382,499,1379,1092,1690,1945,1648,554,1474,562,1537,1563,1508,614,367,1661,1395,839,1075,1615,876,1516,1736,688,495,902,1100,1677,1499,1599,697,2809,3644,942,1688,1760,2009,1441,1517,1289,1390,214,292,1492,2370,1172,1500,631,1662,560,0,2854,850,751,1443,1803,1862,2081,1510,1469,1075,1647,2673,523,1573,1243,1289,1095,2709,539,1181,917,653,210,1366,1803,1008,361,1507,1563,1592,711,1552,1589,701,487,284,750,516,747,1199,1974,1426,858,1602,548,1523,765,1424,1163,1348,781,1138,1560,877,1629,765,965,1540,1895,2470,1841,1150,2696,305,2374,910,690,953,1315,1016,899,1162,592,1143,1460,905,684,1095,1217,267,650,140
Imphal,538,2240,2907,361,2576,2643,2260,1788,2583,2838,1505,2871,1380,3416,1326,1479,2189,3381,3221,1416,3094,2339,1967,2793,2426,1565,2629,3202,3349,3693,1942,2528,2443,1523,2895,502,219,3597,1504,2824,1073,1492,2372,1659,1706,3007,2806,2409,484,2250,1681,3485,2607,3317,2854,0,2636,2103,2445,3015,2755,2974,3209,1687,2174,2776,366,2554,3283,3885,1983,3886,145,3278,2498,3762,3464,3064,1963,2696,3646,791,2388,2285,1504,3230,2448,1590,3546,2367,2745,3045,3030,3504,1983,2867,1428,3367,3301,3247,1602,2347,3123,3794,1690,3314,1912,2487,2233,2510,3528,2085,2114,959,447,2734,2275,221,3031,3267,3115,3187,3544,3910,3807,3518,3800,3160,3781,2783,2527,3185,2959,1663,2774,2392,2817
Indore,2640,604,382,2507,515,351,687,737,665,1254,1427,402,1256,1315,1319,1530,816,946,1136,1443,569,186,1280,748,829,1570,1044,1523,1214,1666,1255,985,807,1281,259,2591,2426,1695,1467,1013,1791,1223,799,934,1038,884,1159,800,2152,486,1556,1350,971,1012,850,2636,0,494,647,977,1170,1389,709,1387,475,715,2455,1276,747,1996,695,1795,2491,849,405,1614,1406,1060,772,1112,1935,3754,815,871,1240,593,866,1591,1511,440,566,408,1366,1105,1354,1282,1208,1688,776,610,1374,718,623,2090,1255,1631,1153,868,369,937,1518,980,890,1677,2252,1149,374,2478,726,1682,465,550,1803,1990,1752,1749,2012,1442,1993,634,55,577,323,960,1127,1308,890
Jabalpur,2246,611,876,2113,851,514,694,343,1005,1261,894,768,723,1313,786,997,824,1278,1118,910,1063,308,896,1084,330,1120,1051,1347,1246,1653,871,992,814,848,791,2058,1893,1693,934,1222,1258,690,806,538,639,904,983,801,1619,487,1172,1382,972,1214,751,2103,494,0,837,1290,1177,1396,1178,893,390,1051,1922,1100,1241,1994,538,1846,1958,1215,649,1668,1404,961,581,1118,1759,1384,822,878,841,1125,873,1592,1452,264,642,930,1175,1437,970,1289,675,1512,1270,982,880,362,1092,1939,761,1532,769,875,192,944,1516,596,749,1144,1719,1156,491,1945,928,1689,959,1072,1704,2066,1767,1650,1913,1343,1894,897,496,1099,817,466,951,952,714
Jaipur,2560,232,657,2427,131,998,315,657,450,705,1236,1049,1065,1985,1128,1339,444,1653,1783,1252,844,584,1791,321,1238,1462,496,2019,1861,2313,1766,493,258,1190,906,2400,2235,2342,1276,581,1600,1032,277,854,861,1531,1655,228,1961,350,1586,1997,342,1659,1443,2445,647,837,0,570,622,841,959,1323,447,331,2264,1772,838,2666,518,2442,2300,1496,242,2261,2076,1633,595,563,2431,1542,323,499,1063,1202,374,1593,2112,936,1314,1055,1847,1725,1715,734,1017,2184,1051,1257,1248,1199,873,2586,1191,2204,1413,329,645,445,2188,1491,518,1486,2061,601,462,2287,1373,1134,922,1175,2361,2697,2439,2335,2585,2015,2566,405,616,1202,770,782,1623,1804,1386
Jaisalmer,3130,802,595,2997,439,1315,885,1227,862,869,1806,1181,1635,2094,1698,1909,1014,1591,1915,1822,764,982,2214,333,1636,2032,908,2417,1993,2445,2149,977,793,1760,1038,2970,2805,2470,1846,598,2170,1602,812,1424,1431,1663,2053,823,2531,922,2156,2129,640,1685,1803,3015,977,1290,570,0,942,1088,728,1893,1023,308,2834,2170,628,2775,1088,2476,2870,1488,640,2282,2185,2013,1165,883,2540,2037,858,951,1633,1140,899,1594,2244,1334,1451,1085,2258,1663,2285,981,1587,2390,857,1255,1818,1652,717,2695,1761,2344,1983,733,1217,980,2297,1914,1088,2056,2631,1013,1034,2857,1505,1381,850,1113,2485,2635,2426,2431,2694,2298,2675,574,1014,1140,708,1352,2002,2294,1784
Jalandhar,2954,567,1245,2737,753,1521,495,967,172,83,1546,1573,1375,2424,1438,1649,624,2116,2229,1562,1432,1108,2101,609,1663,1772,134,2458,2357,2764,2032,365,364,1500,1430,2710,2545,2804,1586,298,1910,1342,383,1211,1133,2054,2161,394,2271,684,1851,2493,339,2200,1862,2755,1170,1177,622,942,0,219,1581,1633,787,889,2574,2211,1460,3105,772,2957,2610,2013,864,2779,2515,2072,861,59,2870,2029,416,522,1335,1790,325,1595,2563,1375,1753,1578,2385,2275,2025,112,1327,2720,1639,1780,1558,1539,1461,3025,1501,2643,1723,353,986,254,2627,1801,699,1796,2371,239,797,2597,1896,512,1500,1720,2815,3177,2878,2761,3024,2425,3005,1021,1139,1747,1358,1092,2129,2243,1825
Jammu,3173,786,1464,2956,972,1740,715,1186,391,219,1765,1791,1594,2643,1657,1868,843,2335,2448,1651,1651,1327,2320,755,1882,1991,353,2677,2576,2983,2251,584,583,1719,1649,2929,2764,3023,1805,517,2129,1561,602,1430,1352,2273,2380,613,2490,903,2070,2712,613,2419,2081,2974,1389,1396,841,1088,219,0,1744,1852,1006,998,2793,2433,1602,3325,991,3176,2829,2232,1083,2998,2734,2291,1080,278,3089,2653,635,741,1554,1982,544,1596,2782,1597,1972,1797,2604,2494,2244,107,1546,2939,1858,1999,1777,1758,1680,3244,1720,2862,1942,572,1205,473,2846,2020,918,1942,2590,458,1015,2816,2115,293,1719,1939,3034,3396,3097,2980,3243,2644,3224,1246,1358,1937,1577,1311,2348,2462,2044
Jamnagar,3324,1191,302,3191,817,1022,1274,1421,1409,1525,2000,888,#N/A,1797,1892,2103,1403,1298,1615,2016,253,870,2112,1061,1595,2226,1455,2128,1599,2064,2087,#N/A,1217,1954,745,3164,2999,2177,2040,1321,2364,1796,1236,1618,1719,1363,1802,1187,2725,1170,2305,#N/A,1291,1392,1510,3209,709,1178,959,728,1581,1744,0,2087,1159,817,3028,2033,222,2429,1379,2183,3064,1195,839,1989,1885,1674,1456,1522,2240,1736,1282,1375,1921,847,1333,1995,1863,1272,1158,792,2059,1370,2186,1698,1781,2093,129,962,2012,1427,86,2398,1955,2016,1985,1277,1078,1393,2000,1689,1466,2250,2875,1560,1058,3051,1205,2093,557,820,2188,2342,2133,2134,2397,2027,2378,554,732,847,415,1546,1777,2160,1650
Jamshedpur,1802,1118,1785,1669,1454,1197,1138,666,1461,1716,191,1451,#N/A,1834,473,294,1104,1961,1677,419,1972,1217,394,1671,673,295,1507,1629,1805,2120,369,#N/A,1321,146,1474,1642,1477,2024,231,1702,842,350,1250,537,677,1682,1233,1287,1203,1108,281,2021,1485,1887,1469,1687,1387,893,1323,1893,1633,1852,2087,0,1046,1654,1506,981,2150,2312,861,2313,1542,1858,1370,2189,1891,1520,840,1574,2073,2181,1266,1200,660,1810,1317,576,1973,947,1325,1625,1457,2084,410,1745,421,1794,2179,1827,86,669,2001,2221,132,1741,234,1392,1082,1388,1955,407,1009,728,1303,1612,1147,1529,1611,2145,1694,1767,1971,2337,2234,1945,2227,1587,2208,1655,1389,1765,1710,541,1201,819,1329
Jhansi,2301,221,857,2168,584,826,304,398,615,871,819,877,794,1637,857,922,433,1421,1442,981,1044,381,1276,803,710,1192,661,1671,1570,1977,1261,602,424,919,734,2129,1964,2017,859,832,1329,761,443,595,563,1228,1307,411,1690,97,1315,1706,588,1487,1075,2174,475,390,447,1023,787,1006,1159,1046,0,703,1993,1424,1206,2318,220,2170,2029,1324,324,1992,1728,1285,297,728,2083,2181,432,488,765,1068,483,1599,1776,588,966,883,1499,1580,1350,899,746,1836,1251,1085,1033,752,859,2238,914,1856,1136,485,198,554,1840,976,470,1215,1790,766,101,2016,1201,1299,940,1025,2028,2390,2091,1974,2237,1667,2218,609,444,1022,798,511,1275,1342,1042
Jodhpur,2891,563,439,2758,200,1155,646,988,781,779,1567,1025,1396,1934,1459,1670,775,143,1759,1583,740,743,1935,243,1397,1793,827,2178,1837,2289,1910,824,589,1521,882,2731,2566,2318,1607,508,1931,1363,608,1185,1192,1507,1814,559,2292,681,1917,1973,550,1529,1647,2776,715,1051,331,308,889,998,817,1654,703,0,2595,1931,604,2825,849,2320,2631,1332,379,2126,2025,1857,926,793,2380,1865,654,747,1394,984,705,1600,2000,1095,1295,929,2006,1507,2009,891,1348,2230,946,1099,1579,1373,693,2535,1522,2153,1744,660,849,776,2137,1635,849,1817,2392,932,624,2618,1342,1291,773,957,2325,2479,2270,2271,2534,2164,2515,266,775,984,552,1113,1782,2055,1345
Jorhat,825,2509,2726,759,2395,2462,2079,1607,2402,2657,1315,2690,1199,3235,1136,1298,2008,3200,3040,1235,2913,2158,1786,2612,2245,1384,2448,3021,3168,3512,1761,2347,2262,1342,2714,136,132,3416,1323,2643,892,1311,2191,1478,1525,2826,2625,2228,303,2049,1500,3304,2426,3136,2673,366,2455,1992,2264,2834,2574,2793,3028,1506,1993,2595,0,2373,3102,3704,1802,3705,240,3097,2317,3581,3283,2883,1782,2515,3465,1873,2207,2104,1323,3049,2267,1601,3365,2186,2564,2864,2849,3323,1802,2686,1247,3186,3120,3066,1421,2166,2942,3613,1509,3133,1731,2306,2052,2329,3347,1904,1933,778,376,2553,2094,508,2850,3086,2934,3006,3363,3729,3626,3337,3619,2979,3600,2602,2346,3004,2778,1482,2593,2211,2636
Kakinada,2708,1645,1731,2633,2129,928,1728,1615,2039,2294,1160,989,1373,856,1484,1075,2096,1003,699,1388,1918,1188,587,2362,863,1028,2085,684,809,1142,612,2026,1848,1137,1132,2509,2344,1046,1200,2195,1709,1361,1866,1638,1739,704,255,1841,2070,1521,1012,1043,2011,809,523,2554,1276,1100,1772,2170,2211,2433,2033,981,1424,1931,2373,0,2095,1367,1638,1368,2409,1062,1530,1211,913,545,1715,2152,1128,3573,1850,1912,1941,1234,1901,1602,995,836,713,1201,479,1096,711,2323,1775,849,2125,1071,1054,752,1947,1276,1143,763,921,1909,1226,1978,1010,772,1883,1595,2170,2190,1499,2396,828,2723,1352,1213,1026,1392,1289,1000,1282,609,1263,1827,1331,1207,1471,1552,223,162,386
Kandla,3510,1070,365,3265,707,1098,1153,1607,1288,1383,2174,951,1903,1860,1966,2128,1282,1361,1678,2090,390,933,2175,961,1658,2289,0,2191,1662,2127,2150,1331,1096,2017,808,3238,3073,2240,2214,1221,2438,1870,1115,1804,1699,1426,1865,1066,2799,1220,2368,1811,1268,1455,1573,3283,747,1241,838,628,1460,1602,222,2150,1206,604,3102,2095,0,2492,1356,2246,3138,1258,885,2052,1948,1737,1433,1401,2303,1203,1161,1337,1901,910,1212,1603,1926,1335,1221,855,2122,1433,2249,1572,1855,2156,389,1025,2121,1613,211,2461,2002,2079,2048,1167,946,1283,2063,1875,1356,2324,2899,1439,1108,3125,1268,1972,581,883,2251,2405,2196,2197,2460,2090,2441,600,795,910,478,1620,1840,2223,1713
Kanniyakumari,4039,2539,2127,3964,2653,1742,2622,2335,2933,3188,2491,1594,2717,681,2815,2406,2751,1131,986,2719,2314,2082,1918,2886,2119,2359,2979,683,883,452,1943,2920,2742,2468,1737,3840,3675,301,2531,2800,3040,2684,2760,2532,2633,1344,1079,2735,3401,2415,2343,768,2906,1086,1243,3885,1996,1994,2666,2775,3105,3325,2429,2312,2318,2825,3704,1367,2492,0,2532,307,3740,1234,2424,488,590,1033,2609,2246,235,1799,2806,2806,2835,1630,1795,1604,617,1730,1527,1669,855,1107,2042,3217,2669,578,2521,1467,2385,2008,2343,314,2474,740,2252,2803,2120,2872,478,2103,2777,2926,3501,3084,2393,3727,1371,3617,1829,1609,436,87,386,382,85,835,133,2379,2051,1603,2014,2460,1111,1493,1383
Kanpur,2098,286,1077,1965,649,1046,277,195,600,855,774,1097,603,1851,666,877,325,1641,1656,790,1264,601,1290,839,724,1000,646,1885,1784,2191,1260,575,408,728,954,1938,1773,2231,814,817,1138,570,389,392,343,1442,1521,438,1499,276,1124,1920,572,1752,1289,1983,695,538,518,1088,772,991,1379,861,220,849,1802,1638,1356,2532,0,2390,1838,1544,544,2212,1948,1499,77,713,2283,712,405,421,545,1288,456,1605,1996,802,1186,1103,1811,1800,1253,884,555,2153,1471,1305,786,835,1293,2458,729,2076,951,479,418,527,2060,990,250,1024,1599,751,321,1825,1466,1284,1160,1245,2248,2610,2311,2194,2457,1887,2048,829,664,1242,1018,320,1489,1425,1252
Kochi,4040,2391,1881,3965,2407,1594,2474,2187,2785,3040,2492,1393,2569,533,2632,2407,2603,885,828,2720,2068,1981,1919,2640,1971,2360,2831,684,690,193,1944,2772,2594,2469,1536,3841,3676,316,2532,2599,3041,2536,2612,2384,2485,1169,1080,2587,3402,2281,2344,512,2758,766,1095,3886,1795,1846,2442,2476,2957,3176,2183,2313,2170,2320,3705,1368,2246,307,2390,0,3741,988,2200,181,470,885,2461,2898,270,2086,2596,2658,2687,1384,2647,1606,397,1582,1379,1423,856,842,2043,3069,2521,591,2275,1221,2386,1860,2097,442,2475,620,2253,2655,1972,2724,358,2122,2629,2927,3502,2936,2169,3728,1052,3469,1583,1363,449,220,79,395,256,730,304,2133,1850,1357,1768,2312,1112,1494,1235
Kohima,683,2095,2762,506,2431,2498,2115,1643,2428,2683,1351,2726,1235,3271,1181,1334,2044,3236,3076,1271,2949,2194,1822,2648,2281,1420,2474,3057,3204,3548,1797,2383,2298,1378,2750,376,74,3452,1359,2679,928,1347,2227,1514,1561,2852,2661,2264,339,2085,1536,3340,2462,3172,2709,145,2491,1958,2300,2870,2610,2829,3064,1542,2029,2631,240,2409,3138,3740,1838,3741,0,3133,2353,3617,3319,2919,1818,2551,3501,447,2243,2140,1359,3085,2303,1607,3401,2222,2600,2900,2885,3359,1838,2722,1283,3222,3156,3102,1457,2202,2978,3649,1545,3169,1767,2342,2088,2365,3383,1940,1969,814,439,2589,2130,366,2886,3122,2970,3042,3399,3765,3662,3373,3655,3015,3636,2638,2382,3040,2814,1518,2629,2247,2672
Kohlapur,3547,1447,893,3286,1419,701,1530,1516,1841,2096,2187,447,1898,602,1961,2218,1665,103,407,2085,1080,1035,1614,1652,1300,2035,1887,933,404,869,1639,1828,1650,2023,584,3536,3068,982,2149,1653,2433,1865,1668,1713,1814,405,831,1643,2794,1329,2039,553,1814,197,539,3278,849,1215,1496,1488,2013,2232,1195,1858,1324,1332,3097,1062,1258,1234,1544,988,3133,0,1248,765,693,564,1615,1954,1086,3609,1658,1714,#N/A,#N/A,1709,1608,668,911,533,435,788,262,1738,2125,1850,898,1288,233,2081,1189,1109,1203,1818,821,1624,1711,1301,1780,805,1451,1739,2319,2894,1992,#N/A,3120,247,2525,595,375,993,1147,909,939,1240,849,1221,1145,904,369,780,1641,819,1189,#N/A
Kota,2625,453,537,2492,201,756,536,722,782,970,1289,807,1118,1720,1181,1246,465,1351,1541,1368,724,342,1534,434,996,1516,738,1777,1619,2071,1509,735,500,1243,664,2453,2288,2100,1329,699,1653,1085,519,919,887,1289,1660,470,2014,335,1639,1755,584,1417,1181,2498,405,649,242,640,864,1083,839,1370,324,379,2317,1530,885,2424,544,2200,2353,1248,0,2019,1834,1391,621,805,2189,541,565,720,1089,998,616,1609,1870,694,1072,813,1605,1510,1608,976,1070,1942,931,1015,1357,972,753,2334,1440,1962,1407,571,448,687,1946,1234,620,1539,2114,843,223,2340,1131,1376,792,955,2119,2496,2197,2093,2343,1773,2324,285,374,952,650,835,1381,1562,1144
Kozhikode,3912,2213,1687,3841,2213,1416,2296,2009,2607,2862,2368,1212,2391,355,2454,2283,2430,662,605,2578,1874,1756,1795,2446,1793,2236,2653,686,467,186,1820,2594,2416,2345,1355,3717,3552,339,2408,2418,2917,2358,2434,2206,2307,988,956,2409,3278,2100,2220,331,2580,585,917,3762,1614,1668,2261,2282,2779,2998,1989,2189,1992,2126,3581,1211,2052,488,2212,#N/A,3617,765,2019,0,446,707,2283,2720,405,224,2429,2485,2509,1212,2480,1610,216,1404,1201,1200,732,619,1919,2891,2343,557,2081,998,2262,1682,1903,577,2351,574,2129,2477,1794,2546,351,1944,2504,2803,3378,2758,1988,3604,871,3297,1389,1169,445,#N/A,#N/A,391,559,602,540,1939,1669,1134,1574,2134,988,1370,1057
Krishnagiri,3618,1949,1583,3543,2033,1152,1666,1745,2343,2598,2070,1004,2127,91,2190,1985,2161,590,392,2314,1770,1492,1497,2266,1529,1938,2389,262,289,277,1522,2330,2152,2047,1147,3419,3254,289,2110,2210,2619,2094,2170,1942,2043,754,658,2145,2980,1825,1922,278,2316,496,653,3464,1406,1404,2076,2185,2515,2734,1885,1891,1728,2025,3283,913,1948,590,1948,470,3319,693,1834,446,0,443,2019,2456,355,224,2154,2216,2245,1086,2205,1611,230,1140,937,1125,434,683,1621,2627,2079,205,1977,923,1964,1418,1799,510,2053,150,1831,2213,1530,1916,112,1680,2187,2505,3080,2494,1803,3306,680,3027,1285,1065,300,619,391,246,509,260,490,1842,1461,1059,1470,1870,690,1072,793
Kurnool,3205,1506,1372,3072,1772,709,1589,1302,1900,2155,1699,764,1684,352,1747,1614,1718,461,157,1871,1559,1045,1126,2005,1086,1567,1946,467,285,692,1151,1887,1709,1676,907,3019,2854,732,1739,1970,2219,1651,1727,1499,2304,311,287,1702,2580,1382,1551,421,1873,367,210,3064,1060,961,1633,2013,2072,2291,1674,1520,1285,1857,2883,545,1737,1033,1499,885,2919,564,660,707,443,0,1576,2013,798,596,1711,1773,1802,875,1762,1612,491,697,494,914,385,554,1250,2184,1636,648,1766,712,1593,975,1588,953,1604,399,1410,1770,1087,1839,555,1237,1744,2105,2680,2051,1360,2906,469,2584,1074,854,743,1062,806,689,952,353,933,1602,1115,848,1259,1427,319,701,350
Lucknow,2087,363,1154,1945,726,1123,369,238,689,944,754,1174,583,1928,646,857,243,1718,1733,770,1341,678,1265,916,767,980,738,1962,1861,2268,1240,582,497,708,1034,1918,1753,2308,794,906,1118,550,478,350,266,1519,1598,527,1479,353,1104,1997,661,1829,1366,1963,772,581,595,1165,861,1080,1456,840,297,926,1782,1715,1433,2609,77,2461,1818,1615,805,2283,2019,1576,0,802,2374,2162,451,339,468,1365,502,1613,2067,879,1257,1180,1790,1877,1233,973,535,2127,1548,1382,766,878,1370,2529,709,2147,931,568,495,573,2131,1033,168,1004,1579,840,398,1805,1498,1373,1237,1322,2319,2681,2382,2265,2528,1958,2509,906,741,1319,1095,300,1566,1468,1329
Ludhiana,2895,508,1200,2678,694,1462,436,908,113,142,1487,1513,1315,2365,1379,1590,565,2057,2140,1503,1387,1049,2042,550,1604,1713,100,2399,2298,2705,1973,306,305,1441,1371,2651,2486,2745,1527,273,1851,1283,324,1152,1074,1995,2102,335,2212,625,1792,2434,280,2141,1803,2696,1112,1118,563,883,59,278,1522,1574,728,793,2515,2152,1401,2246,713,2898,2551,1954,2189,2720,2456,2013,802,0,2811,2594,357,463,1276,1704,266,1614,2504,1316,1694,1519,2326,2216,1966,171,1268,2661,1594,1721,1499,1480,1416,2966,1442,2584,1664,276,911,195,2468,1742,640,1737,2312,264,737,2538,1837,571,1475,1661,2756,3118,2819,2702,2965,2366,2946,968,1081,1659,1333,1033,2070,2184,1766
Madurai,3800,2304,1938,3725,2390,1507,2387,2100,2698,2953,2252,1359,2465,446,2576,2167,2516,983,747,2480,2125,1847,1679,2623,1884,2120,274,444,644,217,1704,2685,2507,2229,1502,3601,3436,66,2292,2565,2801,2449,2525,2297,2398,1109,840,2500,3162,2180,2104,533,2671,851,1008,3646,1935,1759,2431,2540,2870,3089,2240,2073,2083,2380,3465,1128,2303,235,2283,270,3501,1086,769,405,355,798,2374,2811,0,629,2571,2571,2600,1441,2560,1615,382,1495,1292,1480,616,1024,1803,2982,2434,324,2332,1278,2146,1773,2154,172,2235,505,2013,2568,1885,2637,243,1864,2542,2687,3262,2849,2158,3488,1035,3382,1722,1420,163,264,303,128,154,596,135,2197,1990,1414,1841,2225,872,1254,1148
Mangalore,3904,2087,1434,3653,1960,1148,2170,1916,2481,2736,2360,988,2265,347,2446,2275,2206,438,439,2452,1621,1576,1787,2193,1667,2148,2527,678,296,449,1812,2468,2290,2337,1131,3709,3544,563,2400,2194,2909,2232,2308,2080,2250,707,948,2283,3270,1876,2212,160,2454,361,791,3754,1384,1542,2037,2029,2653,2880,1736,2181,1865,1873,3573,1203,1799,712,2086,447,3609,541,665,224,438,596,2162,2594,629,0,2205,2354,2383,937,2343,1616,248,1278,933,976,724,395,1911,2765,2217,643,1828,774,2254,1556,1650,796,2185,566,1991,2351,1668,2420,500,1818,2325,2795,3370,2632,1764,3596,647,3165,1136,916,654,606,368,600,783,594,764,1686,1439,960,1321,2008,980,1362,931
Meerut,2538,267,980,2416,454,1223,128,600,244,499,1179,1217,1008,2063,1071,1282,208,1761,1874,1195,1167,752,1746,525,1307,1405,250,2097,1996,2409,1665,170,65,1133,1074,2343,2178,2443,1219,474,1543,975,46,797,717,1654,1806,95,1904,329,1529,2194,229,1845,1507,2388,815,822,323,858,416,635,1282,1266,432,654,2207,1850,1161,2806,405,2596,2243,1658,902,2429,2154,1711,451,357,2571,2205,0,112,919,1408,51,1617,2202,1014,1392,1223,2023,1920,1658,528,960,2262,1374,1425,1191,1184,1196,2664,1134,2288,1356,136,630,122,2266,1446,283,1429,2004,395,441,2230,1541,928,1235,1365,2454,2811,2531,2400,2663,2099,2644,728,784,1362,1093,725,1701,1774,1464
Moradabad,2400,267,1073,2304,547,1222,184,577,350,605,1113,1273,942,125,968,1216,96,1817,1930,1129,1260,808,1624,618,1208,1335,362,2159,2058,2465,1599,243,158,1067,1130,2240,2075,2505,1153,567,1440,909,139,731,605,1755,1862,188,1801,385,1463,2194,322,1901,1563,2285,871,878,499,951,522,741,1375,1200,488,747,2104,1912,1337,2806,421,2658,2140,1714,1089,2485,2216,1773,339,463,2571,2354,112,0,807,1464,163,1618,2264,1076,1454,1279,1987,1976,1592,634,894,2324,1467,1481,1125,1319,1289,2726,1068,2344,1290,229,686,234,2328,1474,171,1326,1901,501,497,2127,1597,1034,1336,1421,2516,2886,2587,2462,2725,2155,2706,821,840,1418,1186,659,1763,1909,1526
Motihari,1619,831,1619,1539,1194,1355,837,500,1163,1418,573,1609,250,2154,187,686,711,2115,1959,437,1806,1209,1084,1384,1187,736,1209,2188,2087,2494,1059,1050,965,527,1672,1459,1294,2534,613,1374,659,360,946,329,202,1745,1824,995,1020,821,878,2223,1129,2055,1592,1504,1240,841,1063,1633,1335,1554,1921,660,765,1394,1323,1941,1901,2835,545,2687,1359,2016,998,2509,2245,1802,468,1276,2600,2383,919,807,0,1966,970,1619,2493,1105,1483,1771,2016,2274,1052,1447,298,2353,2013,1823,585,1145,1835,2755,528,2373,750,1036,963,1041,2357,923,636,545,1120,1314,866,1346,1769,1847,1705,1913,2445,2891,2611,2491,2754,2184,2735,1374,1209,1940,1563,414,1792,1309,1555
Mumbai,3405,1197,545,3236,1071,611,1280,1466,1591,1843,2080,403,1850,998,1937,2170,1409,499,816,2037,732,779,1507,1304,1252,1987,1637,1329,800,1265,1482,1578,1407,1975,334,3185,3020,1378,2101,1492,2385,1817,1418,1665,1631,564,1003,1393,2746,1086,1973,949,1582,593,711,3230,593,1125,1202,1140,1790,1982,847,1810,1068,984,3049,1234,910,1630,1288,1384,3085,396,616,1212,1086,875,1365,1704,1441,937,1408,1464,1966,#N/A,1459,1620,1064,863,647,185,1260,593,1631,1875,1802,1284,939,163,1962,1141,761,1599,1770,1217,1576,1461,962,1530,1201,1403,1533,2271,2846,1742,974,3072,406,2275,263,43,1389,1543,1356,1335,1598,1228,1579,797,648,76,448,1593,978,1361,851
Muzaffarnagar,2589,319,1031,2467,505,1274,179,651,153,408,1230,1268,1059,2114,1122,1333,259,1812,1925,1246,1218,803,1741,576,1358,1456,199,2148,2047,2424,1716,119,116,1184,1125,2403,2238,2494,1270,481,1603,1026,97,848,768,1750,1857,146,1964,380,1580,2183,280,1896,1552,2448,866,873,374,899,325,544,1333,1317,483,705,2267,1901,1212,2795,456,2647,2303,1709,1145,2480,2205,1762,502,266,2560,2343,51,163,970,1459,#N/A,1621,2253,1065,1443,1274,1976,1971,1701,437,1011,2313,1425,1476,1242,1235,1247,2715,1185,2333,1407,187,675,71,2317,1497,334,1489,2064,304,492,2290,1592,837,1286,1416,2505,2862,2582,2451,2714,2144,2695,779,838,1413,1144,776,1752,1825,1515
Muzaffarpur,1535,915,1693,1455,1278,1429,921,584,1221,1476,489,1657,166,2202,103,592,769,2167,2007,353,1880,1125,1000,1468,1103,652,1267,2236,2135,2542,975,1114,1021,443,1784,1375,1210,2582,529,1430,575,276,1030,445,258,1793,1872,1051,936,877,794,2271,1185,2103,1640,1420,1296,889,1119,1689,1393,1612,1995,576,821,1450,1239,1989,1985,2883,601,2735,1275,2064,1870,2557,2293,1850,524,1334,2648,2431,975,863,84,2014,1026,1622,2341,1153,1531,1831,2064,2290,968,1505,214,2401,2087,2033,501,1061,1909,2803,444,2347,666,1092,1019,1097,2405,839,692,461,1036,1372,1061,1262,1817,1905,1761,1973,2577,2939,2659,2551,2833,2193,2814,1430,1313,1971,1619,449,1807,1425,1603
Mysore,3696,1997,1561,3563,2087,1200,2080,1796,2391,2646,2152,1063,2175,139,2238,2067,2209,565,389,2362,1748,1540,1579,2320,1577,2020,2437,470,251,201,1604,2378,2200,2129,1206,3501,3336,352,2192,2269,2701,1939,2218,1990,2091,772,740,2193,3062,1873,2004,115,2364,471,701,3546,1511,1452,2112,2244,2563,2782,1863,1973,1776,2000,3365,995,1926,617,1996,397,3401,668,2134,216,230,491,2067,2504,382,248,2202,2264,2493,1064,2253,1623,#N/A,1188,985,1099,516,643,1703,2675,2127,435,1955,901,2047,1466,1777,554,2093,358,1901,2261,1578,2330,252,1728,2235,2587,3162,2542,1839,3388,757,3075,1263,1043,406,598,318,352,536,386,517,1813,1566,1037,1448,1918,772,1154,841
Nagpur,2508,809,970,2375,895,250,892,605,1203,1459,1204,504,987,1049,1050,1307,1021,1014,854,1174,1157,352,840,1128,389,1124,1249,1083,982,1389,815,1190,1012,1112,527,2322,2157,1429,1244,1393,1522,954,1004,802,903,640,719,1042,1883,685,1110,1118,1175,950,487,2367,440,264,936,1334,1375,1597,1272,947,588,1095,2186,836,1335,1730,802,1582,2222,911,1072,1404,1140,697,879,1316,1495,1278,1014,1076,1105,863,1065,1624,1188,#N/A,378,678,911,1137,944,1487,939,1248,1364,880,1026,278,1186,1650,907,1268,713,1073,390,1142,1252,540,1047,1408,1983,1354,663,2209,664,1887,747,820,1195,1786,1506,1399,1649,1079,1630,1074,495,818,866,730,687,960,450
Nanded,2886,1187,856,2753,478,215,1270,983,1581,1836,1582,270,1365,846,1428,1685,1399,636,640,1552,1043,730,1262,711,767,1502,1627,972,768,1186,1287,1568,1390,1490,413,2700,2535,1226,1616,1476,1900,1332,1408,1180,1281,262,576,1420,2261,1158,1488,919,1553,572,284,2745,566,642,1314,1451,1753,1972,1158,1325,966,1295,2564,713,1221,1527,1186,1379,2600,533,813,1201,937,494,1257,1694,1292,933,1392,1454,1483,647,1443,1625,959,378,#N/A,488,800,759,1386,1865,1317,1142,1250,484,1477,656,1072,1447,1285,1065,1091,1451,768,1520,1049,918,1425,1786,2361,1732,1041,2597,286,2265,633,626,1237,1539,1301,1183,1446,847,1427,1108,621,620,752,1108,551,837,327
Nashik,3220,1012,490,3051,1014,426,1095,1283,1406,1661,1880,218,1665,1037,1728,1985,1224,538,855,1852,677,594,1322,1247,1067,1802,1452,1368,839,1304,1297,1393,1222,1790,149,3000,2835,1417,1916,1437,2200,1632,1233,1480,1446,603,1042,1208,2561,901,1788,988,1397,632,750,3045,408,930,1055,1085,1578,1797,792,1625,883,929,2864,1201,855,1669,1103,1423,2900,435,1605,1200,1125,914,1180,1519,1480,976,1223,1279,1771,185,1274,1626,1099,678,488,#N/A,1299,697,1446,1690,1617,1333,884,202,1777,956,706,1638,1585,1256,1391,1276,777,1345,1240,1218,1298,2086,2661,1557,789,2887,445,2090,235,142,1428,1582,1344,1374,1637,1267,1618,742,463,140,335,1270,1017,1325,815
Nellore,3184,1819,1757,2810,2085,1015,1902,1608,2213,2468,1636,1077,1849,377,1960,1551,2024,685,381,1864,1944,1263,1063, ,1339,1504,2259,172,0,667,1088,2200,0,1613,1220,2985,2820,567,1676,2283,2185,1837,2040,1805,1814,696,224,2015,2546,1596,1488,564,2086,591,516,3030,1366,1175,1847,2258,2385,2604,2059,1457,1499,2006,2849,479,2122,855,1811,856,2885,788,2263,732,434,385,1790,2326,616,724,2023,1987,2016,1260,1976,1627,516,911,800,1299,#N/A,78,1187,2497,1950,337,2151,1097,1530,1228,1973,772,1486,240,1276,2083,1301,2152,498,1103,1958,2071,2646,2364,1574,2872,854,2897,1440,1239,506,880,777,488,770,130,751,1915,1421,1233,1559,1641,224,638,493
Panaji,3759,1709,1068,3512,1594,963,1792,1742,2103,2358,2377,709,2160,592,2223,2234,1927,159,397,2111,1255,1291,1746,1827,1526,2187,2149,923,394,844,1771,2090,1912,2249,846,3459,3294,924,2359,2015,2659,2091,1930,1939,2076,559,841,1905,3020,1591,2171,543,2094,187,747,3504,1105,1437,1725,1663,2275,2494,1370,2084,1580,1507,3323,1096,1433,1107,1800,842,3359,262,1608,619,683,554,1877,2216,1024,395,1920,1976,2274,593,1971,1628,643,1137,759,697,778,#N/A,1870,2387,2076,888,1462,495,2199,1415,1284,1157,2080,811,1886,1973,1563,2042,795,1713,1995,2545,3120,2254,1479,3346,473,2787,770,550,983,1001,721,929,1144,839,1125,1320,1160,565,955,1903,873,1255,887
Paradwip,2195,1510,1884,2062,1846,1164,1530,1058,1853,2108,589,1448,802,1564,817,504,1496,1711,1407,670,2071,1266,124,2127,640,515,1899,1359,1535,1850,99,1815,1713,566,1441,1938,1773,1754,629,2120,1138,742,1642,929,1069,1412,963,1679,1499,1447,440,1751,1877,1617,1199,1983,1354,970,1715,2285,2025,2244,2186,410,1350,2009,1802,711,2249,2042,1253,2043,1838,1738,976,1919,1621,1250,1233,1966,1803,1911,1658,1592,1052,1631,1701,1629,1703,944,1386,1446,1187,1870,#N/A,2137,813,1524,2278,1442,483,636,2100,1951,530,1471,408,1784,1152,1780,1685,374,1401,1024,1599,2004,1451,1825,1504,2537,1661,1588,1701,2067,1964,1675,1957,1317,1938,2018,1439,1586,1780,933,931,549,1059
Pathankot,3066,679,1357,2849,881,1633,607,1079,284,112,1658,1685,1486,2536,1550,1761,736,2228,2341,1674,1544,1220,2213,648,1775,1884,246,2570,2469,2876,2144,477,476,1612,1542,2822,2657,2916,1698,410,2022,1454,495,1323,1245,2166,2273,506,2883,796,1963,2605,506,2312,1974,2867,1282,1289,734,961,112,107,1698,1745,899,891,2686,2323,1572,3217,884,3069,2722,2125,1070,2891,2627,2184,973,171,2982,2765,528,634,1447,1875,437,1630,2675,1487,1865,1690,2497,2387,2137,#N/A,1439,2735,1729,1892,1670,1651,1551,3137,1613,2755,1835,465,1098,366,2739,1913,811,1908,2483,351,908,2709,2008,400,1646,1832,2927,3289,2990,2873,3136,2537,3117,1155,1251,1830,1448,1204,1830,2355,1937
Patna,1543,812,1479,1410,1148,1215,832,360,1155,1410,334,1443,48,1988,111,437,798,1953,1793,235,1666,911,845,1365,889,556,1201,2022,1921,2328,820,1117,1015,288,1467,1383,1218,2368,374,1396,583,97,944,231,371,1579,1658,981,2763,802,639,2057,1179,1889,1426,1428,1208,675,1017,1587,1327,1546,1781,421,746,1348,1247,1775,1855,2669,555,2521,1283,1850,1942,2343,2079,1636,535,1268,2434,2217,960,894,298,1802,1011,1631,2127,939,1317,1617,1950,2076,813,1439,#N/A,2187,1873,1819,346,1000,1695,2589,289,2207,511,1059,805,982,2191,684,703,469,1042,1306,847,1268,1603,1839,1564,1647,2364,2725,2445,2238,2588,2018,2569,1367,1099,1674,1420,235,1626,1270,1389
Pondicherry,3521,2154,1791,3446,2217,1357,2237,1950,2548,2803,1973,1209,2186,296,2297,1888,2361,795,597,2201,1978,1600,1400,2450,1676,1841,2594,165,494,371,1425,2635,2357,1950,1352,3322,3157,275,2013,2415,2522,2174,2375,2147,2248,959,561,2253,2883,2030,1825,483,2520,701,858,3367,1688,1512,2184,2390,2720,2939,2093,1794,1836,2230,3186,849,2156,578,2153,591,3222,898,931,557,205,648,2127,2661,324,643,2262,2324,2353,1284,2313,1632,435,1248,1142,1333,337,888,1524,2735,2187,#N/A,2185,1131,1867,1565,2007,435,1956,277,1734,2321,1638,2390,206,1585,2295,2408,2983,2699,1911,3209,885,3232,1493,1273,177,605,485,196,495,317,459,2043,1743,1267,1678,1978,593,975,830
Porbandar,3416,1283,394,3283,946,1123,1366,1513,1501,1617,2092,980,1921,1889,1984,2195,1495,1390,1707,2108,345,962,2204,1190,1687,2318,1547,2220,1691,2156,2179,1544,1309,2046,837,3256,3091,2269,2132,1341,2456,1888,1328,1710,1411,1455,1894,1279,2817,1262,2397,1840,1441,1484,1602,3301,776,1270,1051,857,1639,1858,129,2179,1251,946,3120,2125,389,2521,1471,2275,3156,1288,1015,2081,1977,1766,1548,1594,2332,1828,1374,1467,2013,939,1425,1633,1955,1364,1250,884,2151,1462,2278,1729,1873,2185,#N/A,1054,2104,1642,178,2490,2047,2108,2077,1380,975,1496,2092,1905,1569,2342,2917,1652,1018,3143,1297,2151,685,912,2280,2434,2225,2226,2489,2119,2470,646,824,939,507,1638,1869,2252,1742
Pune,3226,1214,660,3255,1186,468,1297,1323,1608,1863,1891,214,1867,835,1930,2187,1432,336,653,2054,847,802,1318,1419,1269,2004,1654,1166,637,1102,1293,1595,1417,2000,351,3202,3037,1215,2118,1607,2402,1834,1435,1682,1621,401,840,1416,2763,1096,1990,786,1599,430,548,3247,610,982,1257,1255,1780,1999,962,1827,1085,1099,3066,1071,1025,1467,1305,1221,3102,233,1357,998,923,712,1382,1721,1278,774,1425,1481,1823,163,1476,1634,901,880,484,202,1097,495,1442,1892,1819,1131,1054,#N/A,1979,1158,876,1436,1787,1054,1593,1478,1013,1547,1038,1420,1500,2288,2863,1759,984,3089,243,2293,362,142,1226,1380,1144,1172,1435,1065,1416,912,665,136,547,1609,815,1198,688
Purulia,1717,1043,1710,1584,1379,1358,1063,591,1386,1641,106,1530,335,1907,398,209,1029,2040,1750,334,1897,1188,467,1596,637,328,1432,1702,1878,2193,442,1348,1246,58,1569,1557,1392,2097,146,1627,757,275,1175,462,602,1755,1306,1212,1118,1033,354,2094,1383,1960,1523,1602,1374,880,1248,1818,1558,1777,2012,86,1033,1579,1421,1054,2121,2385,786,2386,1457,2081,972,2262,1964,1593,766,1499,2146,2254,1191,1125,585,1962,1242,1635,2047,1026,1477,1777,1530,2199,483,1670,346,1867,2104,1979,0,821,1926,2294,119,1814,320,1317,1072,1313,2028,558,934,643,1218,1537,1078,1444,1690,2070,1789,1846,2044,2410,2307,2018,2300,1660,2281,1586,1376,1844,1697,466,1274,892,1402
Raipur,2526,1087,1248,2329,1258,528,1170,640,1367,1737,926,782,935,#N/A,998,986,1121,1292,1132,1111,1435,630,562,1491,111,#N/A,1413,#N/A,1260,1667,537,1354,#N/A,812,805,2302,2137,1707,966,1484,1502,835,1168,837,1001,918,997,1209,1863,849,832,1396,1334,1226,#N/A,2347,718,362,1199,1652,1539,1758,1427,669,752,1373,2166,752,1613,2008,835,1860,2202,1189,753,1682,1418,975,878,1480,1773,1556,1184,1319,1145,#N/A,1235,1636,1466,278,656,956,1228,1415,636,1651,1000,1565,1642,1158,821,#N/A,1464,1928,645,1546,435,1237,554,1420,1530,262,1046,1388,1963,1518,853,2189,942,2051,1025,1098,1473,2064,1784,1677,1927,1357,1908,1257,773,1096,1144,765,965,590,683
Rajkot,3238,1105,216,3105,806,945,1188,1335,1323,1439,1914,802,1743,1711,1806,2017,1317,1212,1529,1930,167,784,2026,1050,1509,2140,1369,2042,1513,1978,2001,1366,1131,1868,659,3078,2913,2019,1954,1163,2278,1710,1150,1532,1633,1277,1716,1101,2639,1084,2219,1662,1301,1306,1424,3123,623,1092,873,717,1461,1680,86,2001,859,693,2942,1947,211,2343,1293,2097,2978,1109,2334,1903,1799,1588,1370,1416,2154,1650,1196,1289,1835,761,1247,1637,1777,1186,1072,706,1973,1284,2100,1551,1695,2007,178,876,1926,1464,0,2312,1869,1930,1899,1202,797,1318,1914,1726,1391,2164,2739,1474,972,2965,1119,1973,471,734,2102,2256,2047,2048,2311,1941,2292,468,646,761,329,1460,1691,2074,1564
Rameswaram,3948,2459,2096,3873,2522,1662,2542,2255,2853,3108,2400,1514,#N/A,601,2724,2315,2671,1100,902,2628,2283,2027,1827,2755,2039,2268,2899,592,799,389,1852,#N/A,2662,2377,1657,3749,3584,233,2440,2720,2949,2601,2680,2452,2553,1264,988,2655,3310,2335,2252,#N/A,2825,1018,1163,3794,2090,1939,2586,2695,3025,3244,2398,#N/A,2238,2535,3613,1276,2461,314,2458,442,3649,1203,2334,577,510,953,2529,2966,172,796,2664,2726,2755,1599,2715,2803,554,1650,1447,1638,772,1157,1951,3137,2589,435,2490,1436,2294,1928,2312,0,2383,660,2161,2723,2040,2792,398,2012,2697,2835,3410,3004,2313,3636,1190,3537,1798,1578,258,401,470,264,233,744,181,1966,2145,1572,1983,2380,1020,1402,1257
Ranchi,1837,986,1653,1704,1322,1173,1006,536,1329,1584,226,1411,278,1996,341,329,972,1921,1761,454,1840,1069,556,1512,518,409,1375,1791,1889,2282,531,1291,1162,167,1450,1645,1480,2186,266,1570,845,218,1118,405,545,1547,1395,1155,1206,976,395,2025,1326,1857,1348,1690,1255,761,1191,1761,1501,1720,1955,132,914,1522,1509,1143,2002,2474,729,2475,1545,1818,1962,2351,2053,1604,709,1442,2235,2185,1134,1068,528,1770,1185,1639,2093,907,1285,1585,1486,2080,530,1613,289,1956,2047,1787,119,645,1869,2383,0,1903,222,1260,953,1256,2117,383,877,731,1306,1480,1021,1532,1571,2013,1670,1727,2133,2499,2396,2107,2389,1749,2370,1529,1257,1725,1578,409,1363,981,1357
Ranippettai,3468,2077,1714,3393,2171,128,2160,1873,2471,2746,1920,1163,#N/A,219,2244,1835,2289,718,520,2148,1901,1620,1347,2404,1579,1788,2517,112,417,427,1372,#N/A,2280,1897,1306,3269,3104,439,1960,2369,2469,2121,2298,2070,2171,882,508,2273,2830,1953,1772,#N/A,2443,624,781,3314,1631,1532,2204,2344,2643,2862,2016,#N/A,1856,2153,3133,763,2079,740,2076,620,3169,821,1962,574,150,399,2147,2584,505,566,2288,2344,2373,1217,2333,2347,358,1268,1065,1256,240,811,1471,2755,2207,277,2108,1054,1814,1546,1930,660,1903,#N/A,1681,2341,1658,2410,262,1488,2315,2355,2930,2622,1931,3156,808,3155,1416,1196,450,827,541,396,659,110,640,1966,1686,1190,1601,1998,540,878,777
Raurkela,2036,1208,1683,1903,1544,963,1228,756,1551,1806,451,1217,500,1774,563,551,1194,1727,1617,676,1870,1065,334,1734,439,529,1597,1569,1695,2060,309,1513,1384,389,1240,1867,1702,1964,491,1792,1067,440,1340,627,767,1353,1173,1377,1428,1198,515,1831,1548,1663,1138,1912,1153,769,1413,1983,1723,1942,1985,234,1136,1744,1731,921,2048,2252,951,2253,1767,1624,571,2129,1831,1410,931,1664,2013,1991,1356,1290,750,1576,1407,1641,1901,713,1091,1391,1276,1886,408,1835,511,1734,2077,1593,320,435,1899,2161,222,1681,0,1482,961,1478,1895,173,1099,953,1538,1702,1250,1764,1377,2235,1460,1533,1911,2277,2174,1885,2167,1527,2148,1692,1253,1531,1476,631,1140,759,1163
Rohtak,2619,264,986,2533,460,1219,202,699,181,436,1278,1270,1107,2122,1170,1381,325,1814,1927,1389,1175,805,1806,400,1360,1532,227,2156,2055,2462,1791,306,71,1259,1127,2442,227,2502,1318,338,1642,1074,90,896,834,1752,1792,68,2003,392,1628,2191,93,1898,1560,2487,868,875,329,733,353,572,1277,1392,485,660,2306,1909,1167,2803,479,2655,2342,1711,448,2477,2213,1770,568,276,2568,2351,136,229,1036,1461,187,1642,2261,1073,1451,1276,2083,1973,1784,465,1059,2321,1380,1478,1317,1237,1202,2723,1260,2341,1482,0,683,221,2325,1595,400,1528,2103,332,494,2329,1594,865,1241,1418,2513,2859,2579,2459,2722,2152,2703,734,847,1415,1099,824,1760,1827,1523
Sagar,2374,419,581,2241,649,640,502,471,813,1069,1024,805,853,1439,916,1127,631,1404,1244,1040,768,183,1078,1001,512,1250,859,1473,1372,1779,1063,800,616,978,662,2188,2033,1819,1064,1025,1388,820,614,668,761,1030,1109,609,1749,295,1374,1508,786,1340,877,2233,369,192,645,1217,986,1205,1078,1082,198,849,2052,1226,946,2120,418,1972,2088,1301,687,1794,1530,1087,495,911,1885,1668,630,686,963,962,675,1643,1578,390,768,777,1301,1563,1152,1098,805,1638,975,1013,1072,554,797,2040,953,1658,961,683,0,752,1642,778,668,1274,1849,964,299,2075,1129,1498,834,953,1585,2176,1896,1789,2073,1469,2020,695,372,952,692,596,1077,1144,840
Saharanpur,2660,390,1102,2538,576,1345,250,722,82,337,1304,1339,1130,2191,1193,1407,330,1883,1996,1317,1289,874,1875,611,1429,1527,128,2225,2124,2531,1787,75,187,1255,1196,2465,2300,2571,1341,410,1665,1097,168,919,839,1821,1861,219,2026,451,1651,2260,262,1967,1629,2510,937,944,445,980,254,473,1393,1388,554,776,2329,1978,1283,2872,527,2724,2365,1780,1946,2546,1916,1839,573,195,2637,2420,122,234,1041,1530,71,1644,2330,1142,1520,1345,2152,2042,1780,366,982,2390,1496,1547,1313,1420,1318,2792,1256,2410,1478,221,752,0,2394,1697,405,1551,2126,233,563,2352,1663,766,1357,1487,2592,2944,1645,2528,2791,2192,2722,850,906,1485,1215,847,1896,2010,1592
Salem,3682,2061,1698,3607,2124,1264,2144,1857,2455,2710,2134,1116,2239,203,2302,2049,2273,702,504,2362,1885,1604,1561,2357,1641,2002,2501,326,401,165,1586,2442,2264,2111,1259,3483,3318,177,2174,2322,2683,2206,2282,2054,2091,866,722,2257,3044,1937,1986,367,2427,608,765,3528,1518,1516,2188,2297,2627,2846,2000,1955,1840,2137,3347,1010,2063,478,2060,358,3383,805,1234,351,112,555,2131,2468,243,500,2266,2328,2357,1201,2317,1645,252,1252,1049,1240,498,795,1685,2739,2191,206,2092,1038,2028,1530,1914,398,2117,262,1895,2325,1642,2394,0,1746,2299,2569,3144,2606,1915,3370,792,3139,1400,1180,188,565,279,134,397,372,378,1950,1573,1174,1585,1982,754,1136,905
Sambalpuri,2209,1349,1510,2076,1520,790,1432,795,1724,1679,664,804,673,1527,736,724,1276,1554,1394,849,1697,892,300,1753,266,590,1675,1420,1522,1929,275,1616,1438,550,1067,2040,1875,1815,704,1746,1240,573,1430,760,900,1180,1014,1510,1601,1073,576,1658,1596,1490,965,2085,980,596,1491,1914,1801,2020,1689,407,976,1635,1904,772,1875,2103,990,2122,1940,1451,620,1944,1680,1839,1033,1742,1864,1818,1446,1474,923,1403,1497,1646,1728,540,918,1218,1103,7113,374,1913,684,1585,1905,1420,558,262,1726,2012,383,1488,173,1595,778,1697,1746,0,#N/A,1126,1701,1894,1077,1927,1204,2428,1287,1360,1735,2128,2025,1736,2018,1401,1999,1614,1035,1358,1406,764,992,610,#N/A
Shahjahanpur,2255,286,1175,2113,649,1241,242,406,527,782,922,1292,751,2096,814,1025,75,1836,1996,938,1362,827,1433,789,935,1148,533,2130,2029,2428,1408,414,329,876,1149,2069,1904,24402,962,738,1269,718,310,518,434,1687,1766,359,1630,285,1272,2165,493,1920,1540,2114,890,749,518,1088,699,918,1466,1009,470,849,1933,1883,1356,2777,250,2629,1969,1739,1539,2504,2187,1744,168,640,2542,2325,283,171,636,1533,334,1647,2235,1047,1425,1298,1958,1995,1401,811,703,2295,1569,1500,934,1046,1391,2697,877,2315,1099,400,668,405,2299,1201,0,1155,1730,678,516,1956,1616,1211,1355,1440,2242,2833,2553,2446,2696,2126,2677,905,859,1437,1213,488,1734,1637,1497
Siliguri,1074,1281,1948,941,1617,1684,1301,829,1624,1879,537,1912,421,2457,358,520,1230,2422,2262,457,2135,1380,1008,1834,1467,606,1670,2243,2390,2734,983,1569,1484,564,1936,914,749,638,545,1866,114,533,1413,700,474,2048,1847,1450,475,1271,722,2526,1648,2358,1895,959,1677,1144,1486,2056,1796,1942,2250,728,1215,1817,778,1595,2324,2926,1024,2927,814,2319,2114,2803,2505,2105,1004,1737,2684,2795,1429,1326,545,2271,1489,1648,2587,1408,1786,2086,2071,2545,1024,1908,469,2408,2342,2288,643,1388,2164,2835,731,2355,953,1528,1274,1551,2569,1126,1155,0,575,1775,1316,801,2072,2308,2156,2228,2585,2951,2848,2559,2841,2201,2822,1824,1568,2226,2000,704,1815,1433,1858
Shillong,499,1856,2523,366,2192,2259,1876,1404,2199,2454,1112,2487,996,3032,933,1095,1805,2997,2837,1032,2710,1955,1583,2409,2042,1181,2245,2818,2965,3309,1558,2144,2059,1139,2511,539,329,3213,1120,2440,689,1108,1988,1275,1322,2623,2422,2025,100,1846,1297,3101,2223,2933,2470,447,2252,1719,2061,2631,2371,2590,2875,1303,1790,2392,376,2170,2899,3501,1599,3502,439,2894,843,3378,3080,2680,1579,2312,3262,3370,2004,1901,1120,2846,2064,1649,3162,1983,2361,2661,2646,3120,1599,2483,1042,2983,2917,2863,1218,1963,2739,3410,1306,2930,1538,2103,1849,2126,3144,1701,1730,575,0,2350,1891,226,2647,2883,2741,2803,3160,3526,3423,3134,3416,2776,3397,2399,2143,2801,2575,1279,2390,2008,2433
Shimla,2933,545,1258,2716,732,1514,483,946,151,322,1525,1551,1353,2403,1417,1628,603,2095,2208,1541,1445,1086,2099,680,1641,1751,119,2437,2336,2743,2011,344,343,1479,1408,2689,2524,2783,1565,479,1889,1321,362,1190,1122,2033,2073,373,2250,663,1830,2472,373,2179,1841,2734,1149,1156,601,1013,239,458,1560,1612,766,932,2553,2190,1439,3084,751,2936,2589,1992,223,2758,2494,2051,840,264,2849,2632,395,501,1314,1742,304,1650,2542,1354,1732,1557,2364,2254,2004,351,1306,2699,1652,1759,1537,1518,1474,3004,1480,2622,1702,332,964,233,2606,1894,678,1775,2350,0,775,2576,1875,751,1513,1699,2794,3156,2857,2740,3003,2404,2984,1006,1118,1726,1371,1071,2108,2222,1804
Shivpuri,2405,230,756,2272,424,725,313,502,624,880,920,776,895,1712,958,1023,442,1320,1517,1082,943,311,1377,657,811,1292,670,1746,1588,2052,1362,611,433,1020,633,2230,2065,2069,1270,842,1430,862,425,696,664,1303,1382,426,1791,112,1371,1724,597,1386,1150,2275,374,491,462,1034,797,1015,1058,1147,101,624,2094,1499,1108,2393,321,2169,2130,1223,2340,1988,1803,1360,398,737,2158,1764,441,497,866,974,492,1651,1839,663,1041,789,1574,1479,1451,908,847,1911,1652,984,1078,853,972,2313,1021,1931,1250,494,299,563,1915,1077,516,1316,1891,775,0,2117,1100,1308,839,931,1858,2389,2090,2062,2312,1742,2293,508,343,921,697,612,1350,1443,1113
Silchar,317,2082,2749,140,2418,2485,2102,1630,2425,2680,1338,2713,1222,3258,1159,1321,2031,3223,3063,1258,2936,2181,1809,2635,2268,1407,2471,3044,3191,3535,1784,2370,2285,1365,2737,644,306,1091,1346,2666,915,1334,2214,1501,1538,2849,2648,2251,326,2072,1523,3327,2449,3159,2696,221,2478,1945,2287,2857,2597,2816,3051,1529,2016,2618,508,2396,3125,3727,1825,3728,366,3210,1131,3604,3306,2906,1805,2538,3488,3596,2230,2127,1346,3072,2290,1652,3388,2209,2587,2887,2872,3346,1825,2709,1268,3209,1018,3089,1444,2189,2965,3636,1532,3156,1764,2329,2075,2352,3370,1927,1956,801,226,2576,2117,0,2873,3109,2957,3029,3386,3752,3629,3360,3642,3002,3623,2625,2369,3027,2801,1505,2616,2234,2659
Solapur,3300,1330,903,3039,1332,499,1413,1269,1724,1979,1953,324,1651,589,1714,1971,1542,350,410,1838,1090,912,1380,1565,1053,1788,1770,936,488,1000,1405,1711,1533,1776,467,2986,2821,3439,1902,1530,2186,1618,1551,1466,1567,158,597,1526,2547,1212,1774,624,1715,286,305,3031,726,928,1373,1505,1896,2115,1205,1611,1201,1342,2850,828,1268,1371,1466,1052,2886,247,1376,871,680,469,1498,1837,1035,647,1541,1597,1769,406,1592,1653,757,664,286,445,854,473,1504,2008,1603,885,3143,243,1690,942,1119,1190,1571,808,1377,1594,1129,1663,792,1204,1616,2072,2647,1875,1100,2873,0,2408,605,385,980,1253,1015,926,1189,822,1170,1155,781,379,790,1394,572,955,445
Srinagar,3466,1079,1757,3249,1265,2033,1007,1479,684,512,2058,2084,1886,2936,1950,2161,1136,2628,2741,2074,1944,1620,2632,1048,2175,2284,646,2970,2869,3276,2544,877,876,2012,1942,3222,3057,3316,2098,810,2422,1854,895,1723,1645,2566,2606,906,2783,1196,2363,3005,906,2712,2374,3267,1682,1689,1134,1381,512,293,2093,2145,1299,1291,3086,2723,1972,3617,1284,3469,3122,2525,792,3297,3027,2584,1373,571,3382,3165,928,1034,1847,2275,837,1654,3075,1887,2265,2090,2897,2787,2537,400,1839,3232,1297,2293,2070,2051,1973,3537,2013,3155,2235,865,1498,766,3139,2428,1211,2308,2883,751,1308,3109,2408,0,2046,2232,3327,3689,3390,3273,3536,2937,3517,1555,1658,2230,1848,1604,2641,2755,2337
Surat,3105,1083,255,2972,781,497,1152,1202,1362,1478,1781,363,1610,1276,1673,2054,1295,773,1090,1908,442,651,1467,937,1136,2035,1408,1605,1074,1464,1562,1405,1170,1860,220,3070,2905,1577,1821,1202,2270,1577,1189,1399,1503,845,1216,1150,2631,1123,1863,1148,1244,792,910,3115,465,959,922,850,1500,1719,557,1694,940,773,2934,1352,581,1829,1160,1583,2970,595,955,1389,1285,1074,1237,1475,1722,1136,1235,1336,1705,263,1286,1655,1263,747,633,235,1440,770,1661,1646,1564,1493,2151,362,1789,1025,471,1798,1670,1416,1460,1241,834,1357,1400,1287,1355,2156,2741,1513,839,2957,605,2046,0,220,1588,1742,1533,1534,1797,1427,1778,507,520,247,142,1327,1184,1476,966
Thane,3362,1154,518,3193,1044,568,1237,1425,1548,1803,2022,360,1807,977,1870,2127,1366,478,795,2018,705,736,1464,1277,1209,1944,1594,1308,779,1244,1439,1535,1364,1932,291,3142,2977,1357,2058,1465,2342,1774,1375,1622,1588,543,982,1350,2703,1043,1930,928,1539,572,690,3187,550,1072,1175,1113,1720,1939,820,1767,1025,957,3006,1213,883,1609,1245,1363,3042,375,2119,1169,1065,854,1322,1661,1420,916,1365,1421,1913,43,1416,1656,1043,820,626,142,1239,550,1588,1832,1647,1273,685,142,1846,1098,734,1578,1727,1196,1533,1418,953,1487,1180,1360,1440,228,2803,1699,931,3029,385,2232,220,0,1368,1522,1313,1314,1577,1207,1558,770,605,27,405,1549,957,1340,830
Thanjavur,3698,2249,1886,3623,2312,1452,2342,2045,2643,2898,2150,1304,2363,391,2474,2065,2461,890,692,2378,2073,1777,1577,2545,1829,2018,2689,342,589,259,1602,2630,2452,2127,1447,3499,3334,133,2190,2510,2699,2351,2470,2242,2343,1054,738,2430,3060,2125,2002,555,2616,760,953,3544,1803,1704,2361,2485,2815,3034,2188,1971,2028,2325,3363,1026,2251,436,2248,449,3399,993,2496,445,300,743,2319,2756,163,654,2454,2516,2445,1389,2505,1657,406,1195,1237,1428,506,983,1701,2927,2364,177,912,1226,2044,1473,2102,258,2133,450,1711,2513,1585,2592,188,1735,2242,2585,3160,2794,1858,3386,980,3327,1588,1368,0,523,370,54,317,494,329,2138,1690,1362,1773,1925,770,1152,1007
Thiruvananthapuram,4064,2611,2040,3988,2566,1754,2694,2407,3005,3260,2516,1613,2729,753,2840,2431,2823,1044,1048,2744,2227,2154,1943,2799,2191,2384,3051,708,910,413,1968,2992,2814,2493,1756,3865,3700,330,2556,2987,3065,2717,2832,2604,2705,1370,1104,2807,3426,2501,2368,713,3004,974,1315,3910,1990,2066,2697,2635,3177,3396,2342,2337,2390,2479,3729,1392,2405,87,2610,220,3765,1147,2197,382,619,1062,2681,3118,264,606,2811,2886,2891,1543,2862,1658,598,1786,1539,1582,880,1001,2067,3289,2725,605,2280,1380,2410,2064,2256,401,2499,827,2277,2859,2176,2944,565,2128,2833,2951,3526,3156,2389,3752,1253,3689,1742,1522,523,0,299,469,172,922,220,2292,2070,1516,1927,2516,1136,1518,1455
Thrissur,4011,2312,1831,3878,2357,1516,2395,2101,2706,2961,2413,1314,2490,454,2553,2328,2524,806,749,2641,2018,1855,1840,2590,1892,2281,2752,605,611,114,1865,2693,2515,2390,1457,3762,3597,237,2453,2778,2962,2457,2533,2305,2406,1090,1001,2508,3323,2202,2265,433,2705,687,1016,3807,1752,1767,2439,2426,2878,3097,2133,2234,2091,2270,3626,1289,2196,386,2311,79,3662,909,2093,102,391,806,2382,2819,303,368,2531,2587,2611,1356,2582,1659,318,1506,1301,1344,777,721,1964,2990,2445,485,2434,1144,2307,1784,2047,470,2396,541,2174,2579,1896,2645,279,2025,2553,2848,3423,2857,2090,3649,1015,3390,1533,1313,370,299,0,316,457,651,438,2083,1771,1280,1718,2236,1033,1415,1156
Tiruchchirappalli,3672,2195,1832,3597,2258,1398,2278,1991,2589,2844,2124,1250,#N/A,337,2448,2039,2407,836,638,2352,2019,1751,1551,2491,1775,1992,2635,316,535,205,1576,#N/A,2398,2101,1393,3473,3308,79,2164,2456,2673,2325,2416,2188,2289,1000,712,2391,3034,2071,1976,#N/A,2561,706,899,3518,1749,1650,2335,2431,2761,2980,2134,#N/A,1974,2271,3337,1000,2197,382,2194,395,3373,939,2093,391,246,689,2265,2702,128,600,2400,2462,2491,1335,2451,2551,352,1399,1183,1374,488,929,1675,2873,2238,196,2226,1172,2018,1677,2048,264,2107,#N/A,1885,2459,1789,2528,134,#N/A,2446,2559,3134,2740,2062,3360,926,3273,1534,1314,54,469,316,0,284,468,263,2084,1707,1308,1719,2129,744,1126,981
Tirunelveli,3954,2458,2095,3879,2251,1852,2541,2254,2852,3107,2406,1513,2619,600,2730,2321,2670,1137,901,2634,2282,2001,1833,2754,2038,2274,2898,598,798,371,1858,2639,2661,2383,1656,3755,3590,220,2446,2719,2955,2603,2679,2451,2552,1263,994,2654,3316,2334,2258,681,2824,1005,1162,3800,2012,1913,2585,2694,3024,3243,2397,2227,2237,2534,3619,1282,2460,85,2457,256,3655,1240,1773,559,509,952,2528,2965,154,783,2663,2725,2754,1598,2714,1661,536,1649,1446,1637,770,1144,1957,3136,2588,495,2226,1435,2300,1927,2311,233,2389,659,2167,2722,2073,2791,397,2018,2696,2841,3416,3003,2312,3642,1189,3536,1797,1577,317,172,457,284,0,752,52,2347,1970,1571,1982,2379,1026,1408,1263
Tirupati,3314,1859,1725,3239,2125,1062,1942,1684,2253,2508,1766,1117,1979,247,2090,1681,2071,746,363,1994,1912,1431,1193,2358,1469,1634,2299,152,449,537,1218,2240,2062,1743,1260,3115,2950,547,1806,2323,2315,1967,2080,1881,1982,664,377,2084,2676,1764,1618,434,2254,652,592,3160,1442,1343,2015,2298,2425,2644,2027,1587,1667,2164,2979,609,2090,835,1887,730,3015,849,2324,602,260,353,1958,2366,596,594,2099,2155,2184,1228,2144,1662,386,1079,847,1267,130,839,1317,2537,2018,317,2489,1065,1660,1357,1941,744,1749,110,1527,2152,1469,2192,372,1401,2126,2201,2776,2404,1742,3002,822,2937,1427,1207,494,922,651,468,752,0,731,1977,1574,1201,1599,1809,409,791,623
Tuticorin,3935,2439,2076,3860,2502,1642,2522,2235,2833,3088,2387,1494,2600,581,2711,2302,2651,1118,882,2615,2263,2099,1814,2735,2019,2255,2879,579,779,352,1839,2820,2641,2364,1637,3736,3571,201,2427,2700,2936,2584,26606,2432,2533,1244,975,2635,3297,2315,2239,668,2805,986,1143,3781,1993,1894,2566,2675,3005,3224,2378,2208,2218,2515,3600,1263,2441,133,2048,304,3636,1221,285,540,490,933,2509,2946,135,764,2644,2706,2735,1579,2695,1663,517,1630,1427,1618,751,1125,1938,3117,2569,459,2119,1416,2281,1908,2292,181,2370,640,2148,2703,2020,2722,378,1999,2677,2822,3397,2984,2293,3623,1170,3517,1778,1558,329,220,438,263,52,731,0,2328,1951,1552,1963,2360,1007,1389,1244
Udaipur,2910,637,252,2777,274,985,720,1007,855,1110,1428,838,1415,1751,1466,1531,849,1248,1572,1590,439,589,1914,507,1463,1867,901,2078,1581,2102,1756,898,663,1528,695,2738,2573,2127,1468,772,1938,1370,82,1204,1172,1320,1691,633,2299,620,1879,1655,747,1342,1460,2783,634,897,405,574,1021,1246,554,1655,609,266,2602,1827,600,2379,829,2133,2638,1145,374,1939,1842,1602,906,968,2197,1686,728,821,1374,797,779,1664,1813,1074,1108,742,1915,1320,2018,1155,1367,2043,2470,912,1586,1257,468,1966,1529,1966,1692,734,695,850,1950,1614,905,1824,2399,1006,508,2625,1155,1555,507,770,2138,2292,2083,2084,2347,1977,2328,0,621,797,365,1120,1659,1951,1441
Ujjain,2642,606,430,2509,575,406,656,739,967,1256,1396,457,1219,1370,1210,1366,818,1001,1191,1334,617,188,1335,808,842,1544,1013,1578,1269,1721,1310,954,776,1272,314,2482,2317,1750,1358,1073,1682,1114,768,936,1007,939,1214,769,2043,455,1623,1405,973,1067,905,2527,55,496,616,1014,1139,1358,732,1389,444,775,2346,1331,795,2051,664,1850,2382,904,952,1669,1461,1115,741,1081,1990,1439,784,840,1209,648,838,1665,1566,495,621,463,1421,1160,1439,1251,1099,1743,646,665,1376,773,646,2145,1257,1686,1253,847,372,906,1573,1035,859,1568,2143,1118,343,2369,781,1658,520,605,1690,2070,1771,1707,1970,1574,1951,621,0,632,378,864,1225,1363,945
Ulhasnagar,3323,1152,545,3194,1071,565,1235,1452,1546,1801,2022,357,1805,971,1868,2125,1364,472,789,1992,732,733,1462,1304,1207,1942,1592,1302,773,1238,1436,1533,1355,1930,288,3140,2975,1351,2056,1492,2340,1772,1373,1620,1615,537,976,1377,2701,1070,1928,922,1566,566,684,3185,577,1099,1202,1140,1747,1937,847,1765,1022,984,3004,1207,910,1603,1242,1357,3040,369,650,1134,1059,848,1319,1659,1414,960,1362,1418,1940,76,1413,1666,1037,818,620,140,1233,565,1586,1830,1674,1267,824,136,1844,1096,761,1572,1725,1190,1531,1415,952,1485,1174,1358,1437,2226,2801,1726,921,3027,379,2230,247,27,1362,1516,1280,1308,1571,1201,1552,797,632,0,432,1576,951,1334,824
Vadodara,2963,927,113,2830,639,616,1010,1060,1220,1336,1750,482,1579,1395,1531,1720,1139,915,1190,1766,300,509,1586,795,1152,1893,1266,1724,1216,1648,1681,1263,1028,1704,339,2914,2749,1762,1790,1060,2114,1435,1047,1257,1361,964,1335,998,2475,809,1879,1290,1134,934,1095,2959,32,817,770,708,1358,1577,415,1710,798,552,2778,1471,478,2014,1018,1768,2814,780,835,1574,1470,1259,1095,1333,1841,1321,1093,1186,1563,448,1144,1667,1448,866,752,335,1559,955,1780,1448,1420,1678,507,547,1697,1144,329,1983,1578,1601,1476,1099,692,1215,1585,1406,1213,2000,2575,1371,697,2801,790,1848,142,405,1773,1927,1718,1719,1982,1599,1963,365,378,432,0,1185,1303,1595,1085
Varanasi,1778,577,1244,1645,913,980,597,125,920,1227,454,1234,283,1779,346,557,563,1744,1584,470,1431,676,965,1130,654,680,966,1813,1712,2119,940,895,780,408,1258,1618,1453,2159,494,1161,818,250,709,72,212,1370,1449,810,1179,567,804,1848,944,1680,1217,1663,960,466,782,1352,1092,1311,1546,541,511,1113,1482,1552,1620,2460,320,2312,1518,1641,1381,2134,1870,1427,300,1033,2225,2008,725,659,414,1593,776,1668,1918,730,1108,1270,1641,1903,933,1204,235,1978,1638,1609,466,765,1460,2380,409,1998,631,824,596,847,1982,764,488,704,1279,1071,612,1505,1394,1604,1327,1549,1925,2516,2236,2129,2379,1809,2360,1120,864,1576,1185,0,1417,1390,1180
Vijayawada,2928,1563,1475,2554,1829,766,1646,1423,1957,2212,1380,821,1593,633,1704,1295,1775,780,476,1608,1662,1039,807,2062,1031,1248,2003,396,604,919,832,1944,1766,1357,964,2729,2564,823,1420,2027,1929,1581,1784,1489,1657,481,32,1759,2290,1372,1232,740,1862,586,267,2774,1127,951,1623,2002,2129,2348,1777,1201,1275,1782,2593,223,1840,1111,1489,1112,2629,819,1562,988,690,319,1566,2070,872,980,1701,1763,1792,978,1752,1669,772,687,551,1017,224,873,931,1830,1626,593,1869,815,1274,965,1691,1020,1363,540,1140,1760,1077,1896,754,992,1734,1815,2390,2108,1350,2616,572,2641,1184,957,1770,1136,1033,744,1026,409,1007,1659,1225,951,1303,1417,0,382,237
Vishakhapatnam,2546,1677,1858,2172,2121,1052,1760,1230,2071,2326,998,1113,1211,1015,1322,913,1889,1162,858,1226,2045,1312,425,2354,701,866,2117,810,968,1301,450,2058,1880,975,1256,2347,2182,1205,1038,2319,1547,1199,1898,1386,1591,863,414,1873,1908,1439,850,1202,2044,1068,650,2392,1308,952,1804,2294,2243,2462,2160,819,1342,2055,2211,162,2223,1493,1425,1494,2247,1189,1144,1370,1072,701,1468,2184,1254,1362,1774,1909,1309,1361,1825,1670,1154,960,837,1325,638,1255,549,2355,1270,975,2252,1198,892,590,2074,1402,981,878,759,1827,1144,2010,1136,610,1637,1433,2008,2222,1443,2234,955,2755,1476,1340,1152,1518,1415,1126,1408,791,1389,1951,1363,1334,1595,1390,382,0,510
Warangal,2932,1259,1348,2981,1611,542,1342,1055,1653,1908,1508,603,1437,702,1561,1422,1471,754,507,1674,1535,802,935,1844,794,1376,1699,665,635,1042,960,1640,1862,1485,746,2772,2607,1082,1548,1809,1972,1398,1480,1252,1353,354,269,1455,2333,1135,1360,771,1625,700,140,2817,890,714,1386,1784,1825,2044,1650,1329,1042,1345,2636,386,1713,1383,1252,1235,2672,679,0,1057,793,350,1329,1766,1148,931,1464,1526,1555,851,1515,1671,841,450,327,815,493,887,1059,1937,1389,830,1742,688,1402,683,1564,1257,1357,777,1163,1523,840,1592,905,825,1497,1858,2433,1804,1113,2659,445,2337,966,830,1007,1455,1156,981,1263,623,1244,1441,945,824,1085,1180,237,510,0
